Ophelia Wise,2/9/1995,Rumepci,BC,Male,raero@kufojrus.hn,(957) 275-5891,343629847103076
Helen Thomas,6/4/1987,Zaukfik,PE,Female,mugmu@zelu.mq,(901) 208-7540,5610222607520757
Steven Jackson,1/21/1989,Wuebro,YT,Male,imuviz@zepucmu.cz,(943) 377-1598,6011092131507585
Sadie Griffith,11/28/1964,Gegolki,BC,Male,gurifo@dahebed.pf,(352) 890-3439,5018424527441118
Ellen Tyler,4/12/1959,Zuwvakso,ON,Male,juij@estes.io,(623) 309-8539,5610652059130475
Aiden Jensen,2/17/1983,Isowolot,AB,Female,nesve@giffoju.pf,(482) 562-3299,5432848471101054
Emma Daniel,4/12/2003,Rukcaek,PE,Male,wa@ihe.do,(859) 712-3408,5018258645550693
Bertha Gross,6/29/1964,Zonugdem,NB,Male,ote@la.st,(544) 928-2868,6011366448054931
Cecilia Harris,6/6/1963,Mohhuna,BC,Male,inamiguz@ruba.ye,(856) 687-7198,5018483668795807
Jeremy Abbott,4/12/1963,Udehudawo,PE,Female,giw@mah.bs,(362) 639-9197,5192292624651790
Willie Bates,3/26/1982,Simajwok,NU,Female,melmo@onu.am,(509) 970-1406,4026442377123621
Eugene Quinn,8/11/1990,Kijsuwez,AB,Female,fili@vecavfi.ad,(846) 353-2094,6334472468451401
Don Walker,12/28/1980,Wunejma,NU,Female,waf@soot.tf,(756) 287-2366,6371328644022256
Tom Page,11/5/1972,Nuuwfi,SK,Female,oka@sizgor.jp,(882) 222-5333,6011735053438110
Julian Stevenson,8/30/1972,Ucvispe,YT,Female,lej@uvusouw.ar,(789) 233-5004,4026917806898307
Tom Hicks,11/11/1990,Tojfijob,AB,Female,zom@ipuikepi.gi,(607) 970-8672,36052692485765
Andre Curtis,11/13/1965,Nimufi,SK,Female,evunig@fip.ci,(527) 903-8659,4903773748744614
Henry Franklin,5/9/1996,Amuwalur,QC,Female,cube@da.ug,(341) 715-1665,4026997158753482
Cameron Franklin,12/7/1968,Retwashev,NT,Male,vial@mewwiw.hm,(722) 369-8506,201495984323138
Lee Burgess,12/20/1990,Misewow,QC,Female,voup@joj.bd,(923) 417-7896,4192674615061233
Henry Sutton,6/5/1967,Tucicomof,AB,Male,poen@nuztelne.an,(904) 704-5529,30076841161403
Bess Cunningham,6/25/1962,Ragceku,BC,Female,gabohe@risbe.com,(235) 995-3275,6011165431094858
Leo Phelps,2/28/1959,Josbopped,ON,Female,bec@hesuwfa.gp,(869) 691-4864,5485025113339220
Jennie Graves,3/5/1989,Ibecivon,NT,Male,maezuwa@rin.ae,(353) 492-6541,36193100854232
Sadie Wood,1/23/1968,Zufjuwrib,NU,Female,ihu@dinfucen.ru,(620) 485-2846,30025692798797
Nell Reid,2/23/1961,Lejowe,ON,Male,kunmos@zisanec.kz,(239) 798-1735,201447061447819
Ann James,6/7/2001,Uwgedmap,ON,Female,ninabdel@cazit.ae,(908) 728-1912,30022802431047
Douglas Harvey,2/2/1960,Ejupuze,NU,Female,enmuson@tokluepo.es,(709) 473-5801,6375708647606468
Josie Conner,2/16/1972,Lokbozal,YT,Female,ehhivoto@gu.ga,(666) 357-7456,6373067527820844
Lelia Newton,9/1/1994,Ripuwce,PE,Female,owehutiw@vicahbip.fo,(659) 812-7356,4026973982659229
Dennis Porter,2/1/1979,Pakoho,SK,Female,bol@ezoaloz.im,(385) 796-8452,6334029404744255
Katharine Bryan,8/8/1993,Didavzuw,MB,Female,bibdu@julo.zm,(513) 415-1104,5018660089953426
Sue Oliver,1/3/1958,Rejhabew,NS,Female,tosvout@ubraj.bv,(445) 930-7639,343067209335897
Luke Swanson,9/8/1965,Cunbobwa,NU,Female,himejbuh@aso.cm,(367) 954-7762,3528495262991127
Alejandro Carson,12/26/1960,Uhewojal,AB,Female,us@zot.dj,(530) 880-9412,5610225726256518
Lola Summers,12/26/1962,Wajokub,BC,Male,guvkun@mikalu.sh,(256) 247-9063,6304239341385874
Martin Bridges,11/20/2000,Ehcalkaz,QC,Male,lejruv@me.wf,(424) 423-6704,4026559004367709
Harriet Sharp,8/23/1984,Julkenjoj,NU,Male,tav@dih.tc,(960) 772-5475,6011127287118686
Allen Romero,11/24/1976,Topapke,YT,Female,anepi@iga.pt,(612) 772-2512,36676378387539
Rosa Dixon,8/3/2002,Godkinna,NT,Male,ebigimo@it.al,(718) 515-9020,5419718891224686
Hattie Castro,8/1/1979,Inatobzuh,AB,Male,eboil@ato.gd,(929) 966-8815,5152681515893081
Rose Davidson,4/14/1966,Ifocejir,NT,Female,ad@baze.uz,(781) 809-6257,4508290666132747
Manuel Tate,5/28/1974,Dajucin,NL,Male,wikiim@sejawmen.se,(637) 262-2802,6011325328891754
Nicholas Black,11/26/1980,Reojber,NU,Female,canlu@jerwuz.cg,(710) 412-7410,6334243538644832
Clara Gutierrez,8/30/1984,Isejanmen,NL,Female,nukpe@fih.ma,(744) 681-2174,5499419768138397
Eddie Martin,10/12/2003,Guwfedeco,PE,Male,winwub@kefa.sd,(536) 229-4326,5018583973831666
Paul Ballard,6/20/1974,Nufwerma,ON,Male,okaam@fa.aw,(848) 279-1216,201470476704871
Mina Harmon,10/3/1979,Joutadiv,PE,Male,ugawo@re.cg,(456) 902-2691,4026669283923708
Louise Brown,2/27/1959,Diumiji,NL,Male,ece@fehenem.to,(810) 236-4059,5416788382631700
Jacob Vargas,5/26/1997,Jevivef,MB,Male,ve@af.mc,(422) 652-6212,4903696647821581
Mary Lopez,5/30/1965,Haluje,MB,Female,guwbo@puuma.bb,(723) 629-4429,4903660526103263
Ada Wade,5/31/1968,Wemorso,AB,Male,wahpe@vat.de,(343) 885-8566,3528974848817873
Jean Salazar,10/14/1990,Ovewaaga,NB,Female,nebaf@oplut.sl,(688) 795-9564,201404836765306
Elsie Hanson,6/12/1964,Borajze,NS,Male,zu@movdijru.bb,(370) 808-7363,5482469384168269
Birdie Lee,11/28/1974,Jubehces,PE,Female,isoor@ekked.om,(706) 951-7612,4026170750352497
Lydia Marsh,5/19/1996,Ceabuwa,NT,Male,ma@naji.gt,(933) 336-6504,5610248690405978
Angel Perez,3/3/1990,Kofjersed,PE,Female,mi@dib.ai,(553) 637-6819,36081230981399
Maggie Perkins,3/22/2003,Sakmofsoz,AB,Male,buhkofo@widhe.mp,(873) 320-7964,4903591641829393
Kate Steele,5/28/1960,Hisiharu,PE,Female,pomnivsep@lusuhas.ne,(610) 456-2526,30087400123064
Christina Smith,5/7/1968,Nojmoawe,NS,Male,fujapo@irdod.fi,(662) 548-5561,6011125161552368
Mittie Myers,1/8/1966,Keroih,NS,Female,juc@jalezu.mp,(740) 942-6923,6011336956849238
Mina Knight,1/16/1982,Toovgip,NS,Female,jad@uw.au,(830) 835-1077,5018795687244842
Bruce Phillips,4/4/1975,Pisicesa,NL,Female,bug@uwupu.bi,(660) 775-8229,5400852498358067
Hannah Roberts,11/19/1977,Vomiveki,BC,Female,wejivu@nor.net,(304) 462-5198,36410565137097
Janie Peters,3/26/1997,Gimafcez,NB,Male,kise@tagwu.rs,(848) 420-4319,6011009593417129
Virgie Holloway,4/5/1970,Lauseso,BC,Male,wohemutop@ti.bs,(564) 999-9011,201449278997172
Darrell Bishop,1/1/1966,Gecuva,NS,Male,jokonuc@fepso.ae,(542) 906-7167,6222830880920946
John Buchanan,7/7/1983,Hopdummib,NB,Female,ve@vavospig.an,(302) 578-9442,4854848943579277
Ray Adkins,7/5/1980,Rabwifzef,NU,Female,umoakiso@vulokuza.sm,(274) 204-3198,6304401880656590
Chris Owen,8/13/1972,Unmifcem,NU,Female,hu@rumil.mn,(467) 674-3466,343258523977585
Timothy Flores,1/7/1995,Kidobom,ON,Male,gebih@naphod.gs,(653) 233-9473,3528799552441945
Gussie Henry,2/20/1968,Izahikih,SK,Male,tutwa@sasofice.io,(348) 546-3052,3528273543169130
Lottie Bryan,6/14/1959,Kopgokba,NS,Male,li@jowu.st,(814) 688-8811,3528462138145171
Sara Hogan,6/4/1978,Hefpujsij,NL,Female,nufebci@uleangap.ga,(388) 836-4923,6261680226585206
Alberta Conner,10/9/1961,Ohhosje,NT,Female,topocem@meto.tf,(453) 651-7460,4903121856497312
James Moody,8/20/1994,Efokardoh,NS,Male,pib@pumsuf.bv,(915) 440-8835,4903536347988456
Sally Thompson,9/23/1957,Lugfoopa,SK,Female,ra@idekole.ua,(226) 242-1781,3528992923881697
Christian Wheeler,1/1/1973,Gupzakos,BC,Male,gepu@zi.bm,(579) 392-1340,6011225584357872
Lucas Sandoval,9/6/1987,Segjemem,NT,Male,sacnuwe@rozdezpug.bz,(933) 450-5384,6304118053886123
Victor Bass,12/28/1996,Melvuci,NL,Male,migvubzoj@ahapuzkog.hr,(840) 636-3968,6011047004675745
Martin Hicks,10/20/1979,Gackano,SK,Female,top@adu.uk,(265) 440-7602,6376485939653149
Stephen Adkins,2/11/1991,Upbicas,BC,Male,owagen@nezrilul.lu,(969) 691-5836,4026399587694751
Brandon Obrien,12/7/1967,Basjiume,PE,Male,sir@amlecem.pn,(952) 518-2797,4444753215481011
Minnie Osborne,8/18/2003,Muzavgo,NS,Male,ja@dormo.ph,(503) 553-7794,6304851472544747
Tony Davidson,9/5/1975,Ijicefa,AB,Male,jun@du.tt,(623) 686-6048,4903717980773773
Emilie Davidson,12/12/1963,Durofwa,PE,Male,uvrudag@tokom.ax,(828) 946-6875,3528715714991122
Harriett Frank,7/4/1978,Elbore,BC,Male,peadbi@kial.gr,(708) 691-9466,4026765637188228
Susie Walton,10/7/1991,Vagdinpe,NL,Male,we@dopasoh.ve,(675) 960-6276,5471447975961931
Eugenia Morales,2/7/1980,Cidamew,QC,Male,luh@go.et,(272) 674-8628,5402545335399512
Micheal Silva,11/12/1979,Civopzu,YT,Female,wakdeil@ad.mp,(737) 448-2423,6372123245875890
Joe Wheeler,2/4/1967,Ojduvag,NB,Female,befrako@kewopid.my,(976) 896-2382,6273354828299477
Bryan Sandoval,6/15/1959,Pupabi,NS,Female,gume@pofpuv.kr,(205) 512-7199,6334452920760169
Rosa Sanchez,6/25/1993,Erlulaj,ON,Female,zibit@jig.bs,(479) 248-9840,6304405793344186
Gavin Cox,6/15/1975,Sitijate,MB,Male,cekitero@oho.bb,(922) 997-9197,5463514271270398
Mabel West,12/8/1988,Noumines,ON,Female,vij@ahobazsa.md,(580) 888-9833,3528795663283689
Nathan Miller,11/9/1981,Cimitow,ON,Male,wozbe@makov.mz,(578) 437-9222,6373795582077906
Emily Lambert,3/22/1983,Vudnave,PE,Female,enu@lok.gn,(622) 444-1244,6375681250132157
Grace Garza,5/4/1990,Lelhoubo,PE,Female,guhdiur@hojev.ml,(723) 263-7627,6371151646038736
Jessie Larson,4/28/2001,Bojabbe,NT,Male,wugruz@tipnuw.ma,(725) 229-2857,3528614470965323
Harold Wood,8/1/1959,Luwdiwge,PE,Female,oh@gu.my,(875) 650-7033,30085615797482
Jackson Lopez,6/1/1982,Bitfuzeg,NB,Male,ibeeluoc@upuhiez.pw,(530) 319-3321,4026589923583631
Melvin Atkins,4/17/1974,Lerkobfi,NS,Female,ci@fawosbo.edu,(884) 968-9825,6376016944660785
Steven Lawson,12/16/2002,Runregbam,QC,Male,sigah@fida.gu,(588) 819-5481,6201710314508647
Hettie Wagner,4/15/1962,Fajihel,NS,Male,rizliwon@da.az,(954) 797-4229,4026261309698538
George Wise,2/23/1977,Sepvufi,BC,Female,otu@vuwvuj.ki,(586) 560-1142,347477367339373
Gordon Nichols,3/22/2004,Muvwucop,NL,Male,hu@jogfob.sd,(277) 709-2340,4388835499245663
Bill Gregory,12/23/2003,Fustuzve,NU,Male,zu@vihujju.cx,(712) 918-7908,4903890709189991
Charlotte Sullivan,12/13/1985,Uvabinufu,SK,Female,vafsahbun@morurja.je,(227) 837-2327,3528301540215083
Gregory Atkins,10/8/1959,Gowarun,NT,Female,radakfad@juwijo.mr,(200) 550-7134,6243982907674280
Alexander Conner,12/14/1980,Ickimij,AB,Male,ehgumiga@magrez.gr,(228) 268-6481,36114078726152
Isabelle Patrick,3/23/1973,Cucegab,NL,Female,bazitu@kogdol.ly,(685) 298-4425,6304764712292748
Angel Bowman,5/12/1999,Pigmukkij,NS,Female,awi@eremukwis.wf,(489) 973-3813,6334646325834137
Alejandro Todd,7/14/1977,Nagnijis,NT,Male,zas@dugbeho.tf,(887) 424-9136,5176846183634396
Nathan Campbell,9/20/1985,Wacamahe,YT,Male,emuri@weka.uy,(276) 633-6560,5018356917791316
Lottie Gomez,6/30/1980,Jetobe,BC,Female,ompewuz@aso.by,(317) 221-3836,6374567185171496
Calvin Torres,9/2/1960,Regukve,PE,Male,ifnabeg@omkaj.mq,(942) 990-3556,5452150216518154
Effie Sparks,10/17/2000,Zofhige,MB,Female,waveor@kanjag.za,(781) 684-3127,349582382399852
Charles Harper,3/22/1983,Rodzavba,NT,Male,bukob@ro.cz,(305) 464-9183,6304032686855530
Ann Gill,7/1/1992,Vuwawuf,SK,Female,pavsum@tiho.so,(970) 645-1254,5610499351930321
Marcus Sullivan,12/9/1971,Kugevi,AB,Female,pom@humozub.cg,(841) 521-8863,30087537393895
Isaiah Perry,4/26/1976,Pepnuhek,PE,Female,fuzug@falil.ma,(912) 943-6153,344114372791164
Randall Morrison,3/1/1983,Ebewolo,AB,Female,gofebhuw@ojjecsul.lv,(922) 900-5576,5477982331835407
Ollie Byrd,1/6/1972,Zowoog,SK,Male,paudapet@lum.lu,(755) 937-9664,5610788981945067
Maria Walker,3/20/1976,Buthotof,ON,Female,kut@piuco.nf,(264) 621-9748,6011147239666590
Ora Hill,5/30/2000,Iboramzu,PE,Male,luh@sodiha.es,(739) 263-2097,6217512230259517
Isabelle Hammond,3/13/1966,Hurmaar,ON,Male,ubagigma@neisa.bb,(575) 324-9882,5018133280950732
Verna Burton,10/2/1985,Indenir,SK,Female,tipos@koruf.at,(589) 824-3942,6304367278311124
Jerome Green,12/21/1990,Linjima,NS,Female,mu@cukruziz.gd,(902) 357-9480,6272528133448850
Ronnie Webster,4/18/1973,Horcedef,AB,Female,mav@seksi.at,(754) 292-7478,201423579555591
Katharine Stevens,3/3/1992,Fehciaz,ON,Female,kaal@cemij.cr,(410) 478-9834,5018177397589982
Rachel Miller,7/11/1974,Taepup,NL,Female,wurijje@fescihez.af,(258) 765-2710,6221182588179214
Emily Turner,1/25/1975,Jaocbiv,NB,Male,cubibi@dunas.vi,(211) 729-6907,6011799543111976
Augusta Patrick,10/30/1969,Meziifo,NL,Female,vetwuaf@nu.mw,(846) 349-7538,5123524158198705
Leona Gibson,7/27/1957,Natavje,BC,Female,wuodu@rigutsi.mn,(535) 729-2754,341423546972581
Luke Underwood,11/10/1975,Feujzi,NS,Female,ro@haf.lc,(550) 971-5483,343165737682010
Maude Zimmerman,1/28/1957,Lasukes,NU,Male,ewegalem@ja.gg,(982) 737-2971,343405804027941
Lula Huff,6/14/1970,Zenijpe,NB,Female,suzmo@bih.pe,(316) 616-3046,342087559781046
Bruce Zimmerman,12/5/1966,Renaro,YT,Male,reefelab@jubjilwi.jp,(283) 414-1901,5472698842170424
Brian Mathis,12/10/1959,Gezonur,NS,Female,zo@bahevar.ec,(677) 272-6073,3528822987035585
Mattie Ellis,6/21/1958,Rilavu,NU,Male,coscamef@riri.je,(364) 830-3942,4903521370233913
Peter Day,1/27/1976,Fowwuzo,NL,Female,rib@are.bt,(247) 620-6881,3528173281089575
Jean Henry,12/22/1994,Fijabu,YT,Male,vol@culo.sm,(449) 358-6553,5169715008952029
Nellie Webb,6/24/1996,Sacavciz,YT,Male,tebedih@raaztoc.cv,(400) 305-7457,5141387580560993
Sally Walsh,9/23/1985,Wiufejek,NT,Female,sa@nin.tz,(716) 946-9268,36180210217749
Nancy Lucas,4/24/1987,Johefvuf,QC,Female,pu@ecjun.com,(712) 547-3934,5453910291541200
Loretta Floyd,3/31/1989,Hojajpi,SK,Male,igokot@je.ki,(889) 223-8945,5018738714518713
Florence Arnold,12/15/1989,Bewaeji,BC,Male,biwowe@uwfin.ne,(332) 554-4527,340238632593757
Lelia Ryan,2/13/1962,Jenissuc,BC,Female,aze@ogi.np,(429) 652-9759,4903481207400559
Mathilda Owen,7/7/1962,Zitojah,PE,Male,ziume@ba.sj,(927) 842-7482,4069990737398323
Polly Lane,2/13/1962,Fuezahid,NS,Male,isecic@icnov.mx,(856) 335-1546,5154152269223337
Carlos Ellis,9/11/2003,Musasro,NL,Female,wagas@deobonu.sc,(229) 373-5580,36020792041184
Leon Armstrong,4/26/1971,Dobuwi,NS,Female,sow@suh.dk,(645) 375-5729,6334294650373734
Howard Kelly,11/9/1969,Dajujnud,BC,Female,si@weucinu.tj,(664) 437-3925,341613338352758
Kate Wheeler,1/6/1977,Vivekne,SK,Female,la@ipbanwe.lb,(510) 370-6195,5610779738167030
Miguel Hale,2/16/1973,Ijkuuc,BC,Male,wafaz@gi.to,(805) 468-6841,5484540433042065
Winifred Hammond,1/6/1977,Fovdavbuf,NS,Female,zojto@vudpu.ua,(682) 475-1636,6304432174219613
Lola Gross,8/26/1978,Tubujus,YT,Male,dipju@idaah.su,(361) 868-7646,6377089040767100
Gavin Paul,10/30/1963,Gikecnit,QC,Male,ubus@atca.ci,(865) 806-2025,4026102802025425
Charlotte Underwood,7/22/1994,Zicieh,NL,Female,pokez@moduvmu.ms,(487) 499-5135,201435093009475
Peter Thornton,2/21/1988,Ulhumog,PE,Male,iwba@daep.th,(578) 278-1990,5610044571523637
Maria Klein,2/20/1992,Bimudla,MB,Female,pi@bew.au,(306) 870-2501,201438604721844
Franklin Warren,6/13/1990,Megsiwbez,BC,Male,niciha@utureto.is,(431) 424-6377,30095126903446
Bettie Chapman,6/13/1977,Ejboig,NT,Male,cabena@aca.ng,(274) 333-4510,3528166196324145
Bess King,6/17/1996,Buhhedoh,NT,Male,isva@cozla.co.uk,(930) 521-7231,6011806790779056
Johnny Day,3/7/1987,Jaftase,ON,Female,uc@bujgir.au,(886) 982-8601,30047171112175
Scott Bradley,7/28/1988,Jojenamid,AB,Female,ha@lijku.gh,(975) 569-5917,5129470154679922
Miguel Morgan,5/19/1987,Anameoha,QC,Male,iv@fiozizon.an,(322) 650-6635,5018548590697667
Phoebe Mack,8/22/1975,Towiera,NU,Female,refes@ofokufci.ws,(873) 649-1170,3528467311656480
Johanna Flores,8/9/1959,Lonrutka,AB,Male,uw@feg.gb,(980) 401-7425,36360524214539
Madge Gilbert,12/6/1976,Nubhivav,NL,Female,eh@agoazci.dj,(445) 279-4161,4026033989501716
Ricky Campbell,9/25/1980,Sosafwoc,ON,Male,ci@sujka.lt,(555) 396-1527,6372942747130326
Isabella Day,3/28/1992,Mamusa,AB,Male,pidmafaw@gokeziso.sv,(336) 804-6645,6377432756800584
Don King,10/11/1970,Jibopjas,BC,Male,edrin@watil.gg,(850) 267-9223,6011235300233588
Margaret Brown,1/22/1966,Ukicewoc,YT,Female,neldi@cesdoge.pw,(773) 254-1234,36864975835429
Willie Jenkins,12/22/1976,Wehesed,NS,Female,girfetun@caj.va,(786) 669-1424,201414279012298
Vincent Pierce,3/11/1977,Pafcagiv,SK,Female,lijcaj@ode.be,(930) 514-9344,201414282154970
Mollie Jimenez,2/3/1994,Dietvi,NS,Male,fo@mucem.ad,(736) 579-6412,4903230718290771
Hilda Reeves,6/27/1998,Ituuvha,MB,Female,no@bohozwi.ir,(850) 632-3016,5464017809871710
Myra Taylor,5/4/1971,Batirbit,NB,Male,zif@gusido.co,(801) 421-4946,345473040922828
Micheal Anderson,8/10/1991,Puzzulbi,NB,Female,viufako@gepwus.is,(647) 637-8337,30075641313867
Rosetta Hodges,7/4/1970,Afamawam,SK,Male,pog@toidvi.nf,(749) 762-9416,201403327853514
Nina Higgins,9/13/1961,Bilseclur,YT,Male,fafhuup@helis.cx,(332) 239-4832,4026439838363481
George Vargas,5/28/1978,Ezoiwdug,MB,Male,to@bagogge.sx,(308) 278-5717,6304428294302933
Juan Cohen,8/12/1975,Hekevgi,SK,Female,ra@kedacfeh.gi,(559) 752-6833,343170628186287
Callie Jackson,7/7/1993,Kicucko,NS,Female,wuta@kac.as,(873) 656-7504,6334120493284814
Tony Fitzgerald,1/4/1961,Jivterup,NT,Male,fap@huz.to,(504) 934-2390,6011837983972604
Harry Nash,5/1/1958,Zimozigu,PE,Female,ku@jaape.am,(864) 667-6618,6226553605150591
May Morton,12/19/1987,Jegedhaf,PE,Female,guuzaimi@favegi.cx,(545) 904-2466,5147145257103792
Mildred Patterson,7/6/1968,Tutavo,NS,Male,turin@epapamaj.ir,(473) 564-9844,3528089063304034
Fred Schneider,2/15/1985,Edpajasa,YT,Female,kacok@huf.cw,(375) 930-2786,6334655995389744
Maud Guzman,1/17/1964,Biveah,SK,Male,luk@neraw.co,(278) 418-4450,6011464103713584
Barry Lowe,8/9/1972,Ilperlos,NB,Male,puniz@kepsacoj.co,(746) 674-9968,201404382504729
Luella Terry,11/29/1998,Kuuhdaw,SK,Female,faptoz@ke.pk,(242) 701-2408,6334753803413648
Delia Beck,5/26/1998,Fosihmi,BC,Female,ruhhindef@aci.ao,(270) 363-6131,5189676764831599
Wayne Blair,9/10/1961,Cudobhah,PE,Female,wo@rozguk.ga,(585) 528-2417,4642221986178430
Edwin Joseph,7/29/1957,Pifesov,NB,Male,eza@poeh.tt,(451) 687-3652,6274591870368143
Lida Romero,12/2/1983,Obniwe,QC,Female,pos@redeito.tz,(814) 342-3309,4026771069462933
Vera Wright,5/25/1967,Jeazidaw,NU,Female,vovo@ad.np,(340) 716-5063,5610298770000934
Etta Wong,2/24/1992,Pahanri,NS,Male,voj@ziwurre.rw,(759) 445-9470,36088767563227
Rosetta Harmon,9/20/1981,Hukedwo,YT,Female,hokkidfug@haviun.net,(637) 232-5130,342230327622072
Francis Freeman,12/13/1969,Neejef,YT,Male,zolalfi@femles.cf,(206) 283-9467,201438274809754
Logan Hunter,11/12/1996,Polofra,MB,Male,voz@ogide.eh,(811) 782-4775,3528792904726600
Hulda Taylor,9/26/2002,Zodozejo,AB,Female,ocepowpis@meso.de,(227) 839-1786,36271328798496
Mittie Gibson,7/1/1981,Zomizol,YT,Female,bizil@boto.ls,(553) 903-5574,6279304620151438
Tillie Lowe,4/17/1969,Ecagacoc,NS,Male,zaijo@ti.so,(747) 331-7003,3528077317059819
Jerome Edwards,3/2/1964,Hobogere,SK,Female,vi@zam.pl,(512) 426-8134,341805463564955
Kyle Cobb,8/24/1986,Tobekka,SK,Female,pup@juf.cv,(255) 773-3394,30052345719897
Christine Jackson,5/2/1994,Pudkiho,PE,Female,muchaoz@ojudeno.ca,(345) 865-7579,201496028864582
Harvey Gray,11/14/1962,Hejpawew,MB,Female,aki@karse.sm,(420) 388-3020,5018593572219098
Abbie Valdez,1/9/1978,Piwtosva,QC,Male,jodhusuf@fangutuv.ph,(977) 764-3389,342432047766680
Lillian Hunt,11/29/1977,Likote,PE,Male,ra@sugnic.tc,(369) 620-8707,6376615488701325
Minnie McCormick,2/1/1985,Avideme,ON,Male,uh@na.io,(639) 340-3290,5018160464761437
Don Payne,5/2/2000,Lofivjek,AB,Female,hi@so.ph,(338) 460-9360,5195837673747563
Joshua Bass,11/3/2004,Ardebe,QC,Female,owci@akve.my,(552) 695-8958,6334554540292653
Edgar Stewart,6/8/1977,Dakmadar,NT,Female,tihahtim@la.ci,(780) 318-8167,5116213128824769
Charlie Jackson,2/18/1977,Wejciti,NU,Male,edukan@ririko.lv,(341) 218-5478,6376259542583906
Stella Morgan,2/16/1979,Waevevog,NU,Female,rijisoce@osima.be,(321) 613-9644,6011154309565256
Shawn Hamilton,2/1/1962,Jikubo,NB,Male,tigevci@is.sh,(788) 656-7908,4903179510708516
Andrew Phillips,2/20/1979,Mercebos,PE,Female,vic@bobaz.vc,(231) 517-8943,4903592581364292
Lottie Carpenter,7/7/1966,Zumapce,BC,Female,age@oli.org,(242) 576-2587,36869026911376
Marian Phillips,6/14/1986,Sicunega,NS,Female,odhuzbo@ton.ms,(775) 219-5017,4306903439780717
Jerome Shelton,2/1/1996,Sadzohitu,MB,Male,gut@posi.ma,(585) 318-4237,6011658200858248
Frederick Washington,11/24/1970,Terezkov,NB,Female,hoja@deze.an,(413) 369-6959,5156590812553288
John Morgan,5/26/1996,Mozurer,NU,Female,ehoba@du.ms,(821) 217-8753,4026276340680295
Nelle Saunders,9/14/1973,Marnavuc,QC,Female,sidgifed@zu.to,(759) 257-8392,4903837838509375
Eddie Wade,5/20/1972,Viteda,NU,Male,wor@itiremev.py,(729) 282-2552,4026686314610559
Max Cruz,6/7/2004,Tovsefop,NU,Male,ejaji@zud.in,(705) 941-1594,30065451743659
Isabelle Henderson,6/28/1973,Zodutwin,NU,Female,oj@lo.iq,(753) 457-4631,5018510827797983
Lillian McGuire,4/7/1977,Temasuc,NS,Male,feta@dof.aq,(662) 557-4947,4026710083368759
Beatrice Sutton,6/15/1988,Jahohduc,NT,Male,ovameeg@zitgelet.az,(856) 515-3514,6334107928531869
Dennis Estrada,6/27/1963,Tadnezhot,NB,Male,venebuolu@lawodle.cw,(608) 598-5916,5018523550602858
Brent Becker,9/19/1980,Ikkokeb,NT,Male,fi@uk.bv,(550) 302-3748,6375893997943560
Phoebe Wallace,7/16/1962,Vaudilah,AB,Female,ad@bocu.ne,(642) 639-4580,5018591676742114
Eunice Moss,1/2/1981,Lafkape,NB,Female,atuzra@haf.tm,(301) 790-6528,4026396343578344
Fanny Blair,5/9/1961,Cormulas,PE,Male,icahowbul@osi.an,(942) 803-1142,4903861172843729
Luis Sutton,7/30/2001,Dozotbo,QC,Female,somawuh@zop.ly,(358) 388-6574,6304642698134771
Jay Olson,3/8/1968,Birirgo,ON,Male,vamfis@cowit.ru,(778) 358-1618,4908469824098810
Cody McDonald,8/21/1996,Upiwozuj,NL,Male,fezdik@oh.fm,(933) 862-5817,347841536492829
Barry Moore,11/21/1985,Embezro,NS,Female,wovuwmi@efavobo.ke,(605) 546-7450,348835474758455
Francisco Kelley,10/11/1986,Hapvezma,NU,Female,wem@atoditse.gr,(453) 848-2025,5410015032363849
Ivan Nelson,11/29/1957,Nekate,BC,Female,nusehica@fot.kh,(426) 649-1720,5610487285373254
Brian Hunter,6/22/1972,Rihitru,QC,Male,duluba@vogoogi.lv,(888) 749-2869,4026058576613954
Rhoda Barker,3/24/1994,Fovejuhib,NB,Female,ijura@gi.fk,(839) 483-6739,5180091071318885
Ida Bowen,2/9/1965,Jiokivis,ON,Male,mune@zomgo.tt,(728) 271-1947,6375809308493152
Ruth Clayton,10/31/1959,Wuligog,PE,Male,ubaatore@kecori.nz,(375) 631-1350,5458498853918391
Ralph Parsons,5/21/2003,Jufowop,NL,Female,zo@heckavbes.gu,(609) 403-4844,5439109020143029
Ida Roberson,9/27/1962,Wilopi,AB,Male,metwabnad@rada.gw,(685) 799-6670,4965292814699243
Francis Parker,7/13/1988,Sekoafe,BC,Male,fesof@nedmu.td,(630) 283-9588,5610433662942261
Brent Dunn,8/14/1970,Jusosotu,NU,Female,fagunmop@basnubgak.pm,(416) 427-3532,201451682403607
Victoria Holloway,12/16/1998,Polafo,NS,Female,teupjuw@omebeofo.bv,(540) 706-1543,4026849655002295
William Ray,9/20/1972,Sutufbe,NB,Male,tuhpo@bekih.ug,(359) 226-1955,5455664932419635
Tommy Brown,8/18/1998,Diphewo,ON,Female,imit@isobaw.cf,(621) 366-9541,6207966900730490
Ida Brock,9/15/1998,Soesaven,NB,Female,buvboj@vizime.cc,(751) 591-9655,5145727832595063
Pearl Sanders,6/30/1979,Uluzepe,YT,Male,pot@vabkagom.im,(965) 486-6981,5610196626254582
Eula McCarthy,2/7/2003,Butijir,SK,Female,vessi@gah.gh,(461) 387-7796,5474391420410010
Daisy Boyd,5/20/1958,Forakrem,NU,Female,di@waciza.ch,(904) 882-7437,30089164219278
Birdie Warner,11/14/1997,Niceji,QC,Female,owfu@cuc.ss,(356) 724-5828,5428899952246880
Dora Fernandez,4/18/2000,Jugatvub,AB,Female,pehbaje@ugbe.pk,(843) 242-8694,5143673049331508
Arthur Mendez,1/13/1965,Fonumup,AB,Male,ruv@navot.kg,(403) 470-9129,3528580025866326
Jorge Hanson,4/1/1968,Avahesig,YT,Male,zuoz@uc.pf,(742) 500-8219,3528722590727034
Irene Barnes,2/27/1964,Tilzaaca,MB,Male,miczis@ojabole.sj,(423) 666-4803,5018944835491745
Leah Mills,8/4/1991,Avhushi,NU,Female,re@gu.gr,(307) 878-2144,6334003331797223
Isaac Frazier,2/22/1981,Pojenit,BC,Male,godus@iwala.sl,(347) 487-5430,6304195504023613
Rosetta King,8/19/1971,Lamhioj,NS,Female,fu@mo.ac,(963) 224-2807,6218158515623198
Marvin Graves,12/10/1981,Gilenabo,NS,Male,saorukiw@no.iq,(332) 290-7562,3528059840641354
Rebecca Bowman,10/14/1966,Sipohade,BC,Male,igacutuj@suvgup.com,(715) 242-9868,6304506920341480
Sean Farmer,11/6/1991,Nocoace,NS,Female,hidpuuv@pito.py,(845) 840-5316,5610107950714497
Derek Gross,10/14/1965,Jobcoaz,PE,Female,gaeka@juwnaz.eu,(424) 962-2400,4903556367884872
Wesley Mason,11/26/1958,Irokeleb,SK,Male,inufe@udeli.lk,(634) 961-3059,6247023409838234
Julia Walton,3/23/2002,Aseluid,NS,Female,nazogu@ifhoh.hk,(662) 681-7286,6375466010376835
Franklin Barnett,10/23/1995,Opukhuw,YT,Male,wejitave@hicufuk.tr,(756) 914-4418,36889570738637
Rosie Terry,2/25/1960,Dolfampor,MB,Female,erben@dudaf.cu,(238) 555-1760,6371104257931368
Henrietta Terry,6/13/1967,Apijabam,NS,Female,ci@ilse.gd,(968) 663-5708,6011007145189873
Della Ball,3/27/1965,Cikasa,NL,Female,zolij@guhrujah.cl,(936) 226-1143,5018088660170568
Sam Fox,1/26/1979,Onwowgo,AB,Female,julrehrot@pu.sa,(546) 439-1426,5142429822537618
Jorge Sullivan,8/17/1997,Ogopife,MB,Female,jiwhaw@rasha.wf,(578) 609-1231,36953618312027
Curtis Ramirez,12/14/2002,Idizoga,NS,Male,sabher@bukevame.bz,(372) 759-6135,5101082836928023
Ricky Harper,2/23/1990,Niwnihas,NT,Male,lo@woahulip.nf,(575) 607-1284,6373328678249815
Mitchell Diaz,6/7/1982,Ajolavo,MB,Female,cookjer@ba.tw,(221) 710-6111,6207334007278428
Chase Santos,10/21/1999,Opitoemo,AB,Male,diktu@ifeni.sb,(757) 862-4038,30099176799332
Jeffery Wilson,2/6/1963,Hiiradi,ON,Male,zit@tuh.lb,(402) 726-7494,30055435076482
John Lynch,10/22/1978,Sawakav,QC,Male,ga@ravra.va,(674) 592-4895,4201909249162083
Garrett Garner,5/25/1983,Nazgouv,SK,Male,vatwul@miaz.pm,(477) 365-9497,3528640275907574
Alan Ryan,5/29/2004,Vucutduw,BC,Male,lumi@pozdok.gm,(949) 356-3195,5186312570471353
Matilda Montgomery,9/6/1981,Ekzuake,MB,Male,kesduzzu@kowozpa.gn,(670) 489-1813,6011986973534427
Isaac Mack,12/11/1980,Hosoce,AB,Male,gu@rizjom.by,(819) 965-6101,201457421759688
Jay Mills,9/7/2003,Mubafaj,AB,Male,nippe@je.bg,(662) 230-8942,30061081258986
Chester Gomez,8/1/1966,Penemida,BC,Male,faek@ukadugso.km,(630) 390-5253,6334334170537770
Maggie Carr,6/3/1986,Jalbupov,YT,Female,mavgo@vuusha.ua,(513) 442-5370,4026974887819009
Fred Young,4/21/1974,Wodfiwom,NL,Female,mo@pig.np,(983) 434-5967,4547370260898936
Frank Gibbs,5/23/1962,Gesgufe,AB,Male,vervimim@fun.gf,(831) 391-9519,6370690518489924
Glenn Lawson,10/13/1993,Zaluba,BC,Male,akenuh@vervi.yt,(275) 215-9947,6011030593835334
Arthur Griffin,4/5/1974,Apdiple,YT,Male,buk@giwu.hk,(278) 859-4742,6011705826227926
Adam Blair,6/5/1961,Kabetlem,PE,Male,socuru@va.lc,(730) 445-8879,4415280448442243
Scott Manning,5/14/1982,Zusonic,AB,Female,karzueb@nabo.no,(389) 580-3347,201473026222568
Lucile Ross,4/24/2004,Cumcejla,NS,Female,baetavih@rotwano.co,(672) 275-1326,5018355026108032
Jackson Harper,6/11/1998,Naffoflus,ON,Female,ol@sacudu.al,(349) 890-1804,342320319909692
Lois Alexander,11/16/1994,Tamehwip,YT,Male,de@gub.dj,(776) 819-6993,201430631443864
Joe Fernandez,3/28/1977,Omatewru,AB,Male,co@isa.er,(871) 790-8380,6376963467811099
Laura Boyd,7/22/1995,Fepukuku,QC,Female,juwizkov@obliw.rw,(478) 860-9472,201482240651395
Joel Austin,10/21/1964,Davelobu,AB,Female,li@ma.us,(936) 663-7240,3528452686386954
Jerome Vargas,8/3/1973,Enpewute,MB,Male,mi@raj.sz,(604) 295-5269,201452183381193
Angel Lopez,4/22/1984,Puvulduz,AB,Female,kifje@suw.co.uk,(412) 590-4674,4026569852221734
Madge Lawson,1/26/1962,Lobsohhal,NB,Male,onilo@vujazab.gr,(783) 540-8449,6334588597629078
Christian Hoffman,11/11/1992,Pufihac,QC,Male,web@cukar.md,(324) 589-1748,3528566440760251
Jessie Dunn,1/2/1960,Cukiruki,SK,Female,toviros@uwe.nf,(312) 967-1142,5101822866893278
Glen Jefferson,2/28/1996,Ivuurdi,NB,Female,zowarser@ahozmo.fr,(916) 672-9238,6334389669171838
Winnie Henderson,4/6/1959,Goleawu,PE,Female,ec@hecwujlo.et,(826) 810-2885,36745377127988
Donald Greer,9/22/2004,Museseh,NS,Male,ajuzop@am.tm,(263) 444-6937,6217942595378810
Lettie Stokes,7/19/1981,Hekaiso,ON,Male,ciuzcog@dacuho.ve,(827) 655-4433,6304477098505928
Hannah Parker,4/16/1992,Didbogki,MB,Female,ni@cusafe.ng,(980) 665-3952,4903936175743314
Leila Chapman,5/6/1981,Uvainowe,MB,Male,feda@en.cz,(228) 891-9587,6294809008981389
Ivan Lamb,4/29/1984,Tuvvotdot,AB,Female,vif@parup.iq,(543) 286-6211,6213742418209836
Mark Norton,8/21/1973,Voveloje,NT,Female,jo@ungapad.nc,(988) 629-9117,5155911888225927
Olive Powers,11/7/1961,Vefuleru,QC,Female,sacrizta@ese.ee,(679) 560-9864,6373204727980744
Joshua Edwards,3/18/1982,Ebuokavev,AB,Female,la@camoud.md,(243) 420-4128,201410920006549
Nellie Williamson,2/16/1968,Virumge,BC,Male,hi@mibuv.tf,(473) 267-2053,6334157977598335
Richard Brady,7/6/1962,Fawjowa,QC,Male,metbefzab@revgul.im,(665) 714-9887,6293201862799217
Sarah Norman,12/7/1974,Zoluina,BC,Male,tob@un.gy,(407) 902-7424,6334243218025385
Trevor Page,5/5/1982,Duskidna,NU,Male,wur@gedovo.hr,(383) 396-2087,6376181816443684
Mamie Garner,9/7/1995,Akgukal,AB,Female,cohidlen@gi.pk,(680) 933-6271,6011658369652986
Virginia Lowe,7/12/1979,Wehurwa,PE,Female,ohanlif@fahsus.ae,(438) 962-6793,5165934474438991
Henry Ortega,10/30/1992,Duluwin,NB,Female,fi@wad.ax,(209) 215-8060,5610843632713610
Juan Boone,9/4/1967,Cebsigok,SK,Male,wiro@bubwe.no,(922) 606-4762,6272980213916555
Virgie Gonzalez,12/18/2002,Wicegtig,ON,Male,inidizdo@soklehu.do,(971) 627-9385,345063267828830
Aiden Goodman,3/26/1991,Edranet,PE,Female,woburasik@lac.com,(351) 807-7005,5018432627479557
Lillie Burns,6/6/1986,Tibibno,BC,Female,agesot@ibruj.dk,(432) 488-3886,5195496930859800
Barry Cross,11/5/1962,Vujaje,NS,Male,mo@tiwom.er,(789) 827-1795,4026515529472481
Hattie Roberts,7/6/1991,Zoofufu,NL,Male,gaamunu@ukrogfir.sh,(565) 965-7412,5406484694160206
Leo Harrison,2/23/1996,Solievo,AB,Female,ka@cajashu.hn,(716) 325-1793,6304243346352749
Lou Martinez,5/1/1999,Pudzibwac,AB,Male,hasnimkeg@hiczab.gw,(804) 569-7389,4903009029058196
Mattie Flores,11/25/1980,Owohoih,NU,Male,esrarkos@niw.rs,(869) 908-9819,5433151178721665
Theresa Wong,2/24/1979,Suotrid,NB,Female,sumop@pa.dm,(623) 215-5350,3528064479409842
Herbert Harrison,6/1/2003,Habajrin,AB,Female,ohicos@poipazot.tr,(437) 618-4309,201463644333913
Darrell Willis,11/6/1973,Zaraska,NB,Female,huluwov@job.tc,(900) 235-2432,6215991207855139
Hattie Lawrence,2/23/1994,Alefujje,NU,Female,lusumlo@om.kp,(835) 571-6414,6334081035287410
Nicholas Norton,4/27/1958,Verageb,SK,Male,cachep@ba.mh,(670) 243-1611,6299698170826752
Jon Wood,9/4/1985,Hogwetu,ON,Female,zasar@evju.eu,(303) 464-9057,201403634720109
Joe Ramirez,5/4/1958,Sirsada,QC,Male,jezvuul@nad.ar,(224) 246-8620,6374336985842171
Vernon Porter,10/31/1978,Fogamik,AB,Female,asuwel@kazamsem.bf,(965) 340-4277,4903664805613661
Fred McDonald,7/14/1978,Hijetisi,NL,Male,ildu@semide.sg,(685) 692-1973,5610565110799247
Julia Tyler,9/19/1959,Piztisuw,SK,Female,usbup@urfif.cv,(484) 789-2379,6219520276252575
Patrick Miles,4/3/1992,Lecoheca,BC,Male,dipudac@ezatiku.hu,(862) 459-5945,3528552850333797
Hulda Sutton,2/25/1980,Vafenaw,MB,Female,deawuwu@sogeifu.io,(462) 584-2757,4964097455899858
Lewis Ward,8/11/1974,Ocepmag,MB,Male,gikresmiz@ti.mh,(489) 623-1585,6011994520371152
Derrick Thompson,3/2/1974,Lozwagces,NT,Female,od@fuah.no,(663) 575-3949,5610517583782267
Myra Hardy,8/9/1960,Ribodguw,AB,Female,ija@facwafip.me,(204) 774-5801,6334066576125111
Maria Quinn,1/22/2001,Mijijauta,NU,Female,miwabhan@vi.ky,(601) 652-6567,344142479658713
Jared Houston,10/28/1986,Moophi,AB,Female,ul@lov.pa,(756) 832-2772,5610879575499155
Sadie Fields,9/25/1984,Tigozhic,QC,Female,hum@idifog.je,(583) 668-7509,4903319154882348
Rosalie Guerrero,2/15/1974,Caciwjad,NS,Female,utwiju@ku.mx,(903) 558-1249,3528608787019360
Warren Hoffman,7/8/1996,Hihingo,QC,Male,lu@ingot.sd,(761) 282-3357,4726027192375259
Alberta Davis,1/14/1971,Suedoka,MB,Female,mu@la.mt,(281) 307-2173,5610845493728520
Edward Abbott,5/27/1987,Zithulni,QC,Male,ku@ogpusote.az,(246) 542-1016,6334850861850537
Kenneth Vega,12/31/1998,Bikfofime,QC,Female,mu@dajiah.vg,(310) 205-1986,6304683145902469
Amelia Graham,9/14/1994,Hacrakvo,ON,Female,luhu@daftumaf.gy,(750) 789-9906,5456452444377536
Bess Ortiz,6/27/1960,Kerwocton,MB,Female,luca@ug.ar,(281) 229-9077,5018494464017650
Theresa Perkins,3/31/1966,Amoemge,BC,Male,diuj@rinmuw.su,(786) 330-7157,4026454553398497
Helen Thornton,7/12/1968,Likipum,NL,Female,cibofze@hirisuji.li,(218) 762-1904,6378024231821225
Lillian Hart,6/6/2001,Donkazac,PE,Female,hip@ge.mw,(754) 266-2247,6011505444780367
Christian Frank,10/26/1963,Mavdowzuv,BC,Female,uwumi@velozifu.sm,(464) 887-4353,4548084134415343
Helen Carter,9/8/1969,Maogota,NB,Male,ziwluda@bedi.ky,(481) 489-6647,30051632012198
Corey Casey,1/3/1964,Upafellu,YT,Male,raz@su.mq,(964) 805-4481,4026570956363497
Sophie Payne,7/1/1962,Lidmasdow,NB,Male,hicsifi@kozobko.et,(835) 742-9535,5610244687802772
Christian Peters,10/14/1978,Ubehuffuj,MB,Male,be@go.lv,(677) 740-3309,6290033736247393
Kathryn Hogan,6/25/1979,Mejlabzel,QC,Female,rifisuf@usejad.ge,(479) 917-7466,349942933192133
Mildred Higgins,9/16/1961,Oceekiile,BC,Male,fe@olpisuj.nr,(874) 866-5240,5415103587829771
Lizzie Cobb,1/14/1967,Raubdu,NL,Male,re@ve.ae,(347) 693-4632,6378732588035088
Max Tyler,11/1/1978,Boowumi,NS,Male,me@lizzeg.br,(742) 308-5439,4026154433745236
Maggie Rodgers,10/22/2000,Pebotdej,NT,Female,re@eno.ps,(725) 398-2646,5166240820331669
Dale Fletcher,2/24/1961,Reguker,NL,Male,zowo@lu.es,(871) 219-1091,5193203629716222
Madge Ryan,1/17/1963,Iprabom,QC,Male,digsudihe@wicrifo.gm,(350) 748-4744,3528959602414769
Milton Murphy,4/5/1996,Sutfale,QC,Female,dimak@cone.tk,(363) 855-8964,201422424409434
Jorge Fitzgerald,9/6/1993,Namdejet,ON,Male,bulse@imvehbo.sh,(444) 510-1820,349191879896899
Henry Hernandez,4/6/1982,Viwvezeti,MB,Male,barbawit@koduas.kh,(855) 891-3639,36679955712269
Sam Johnson,6/23/1963,Lusnarjig,MB,Male,sullujen@demum.mt,(779) 893-8842,4406818236970593
Gilbert Farmer,12/9/1973,Paveggo,AB,Female,bifunetu@va.gg,(938) 363-2335,6011948694592894
Lee Martinez,7/2/2002,Buozisil,NS,Male,ifvafjur@mowdutruw.mk,(302) 625-8756,3528351498229883
Howard Garner,6/14/1998,Hiztala,NB,Female,tu@bal.tf,(211) 781-9992,5106461691608141
Alvin Mack,12/23/2001,Bajuspov,QC,Female,rapbeamo@wop.na,(774) 439-5249,4903580843469397
Mary Moss,2/21/1995,Jotabuco,YT,Female,huhupid@vuzsujsur.ax,(773) 241-7502,348452371698485
Stephen Lawson,11/30/1960,Gehrala,NU,Male,dicpetko@lalo.kn,(245) 757-3276,6256801470397836
Hettie French,10/2/1990,Ugejafge,QC,Female,di@bazam.pe,(270) 518-1290,5610940672557681
Ora Medina,5/1/1971,Zafmabevi,ON,Male,neav@jol.af,(949) 577-1032,30028040416724
Aiden Massey,2/2/1963,Cukuvze,SK,Male,ja@soc.tl,(359) 262-7700,5171474702129122
Caleb Clarke,12/29/1990,Zudcero,QC,Male,ru@hos.wf,(385) 504-6746,4500701041881988
Matilda Smith,8/19/1959,Rebevzod,NU,Female,bonosdel@jizul.ie,(578) 749-9208,36982031729178
Alice Bridges,11/27/2001,Madocbe,QC,Female,ehu@kijsudoco.bm,(309) 720-6559,201472612059749
Birdie Marshall,3/16/1976,Wejusom,PE,Male,nag@mujillow.al,(407) 697-7249,5610116311644491
Caleb Mann,5/3/1987,Uwhucogo,NS,Male,cegpulged@fezziagu.ba,(905) 679-2514,5173027577442729
Lena Bennett,1/31/1963,Ukolilme,SK,Female,nidgouj@pafas.cx,(689) 603-7428,6283542783325216
Robert Foster,1/18/1995,Kiciaf,SK,Female,feud@uhpo.tz,(401) 248-4763,30061984836128
Eric Fuller,8/28/1963,Vufobwa,NU,Male,cibwurjaf@ju.ke,(526) 229-3111,5610088280480001
Dylan Wheeler,1/27/1981,Dufvizin,NT,Female,tah@houk.eh,(928) 641-7762,344793824073634
Fanny Blair,6/11/1978,Zasogek,BC,Female,roozihu@kasri.mh,(570) 679-5445,5018330758883912
Allie Perez,11/28/1996,Hajcomoku,QC,Female,akbewpi@bipdi.gs,(669) 632-4150,201478590027889
Russell Wilkins,11/2/1996,Hoavko,MB,Female,roina@cihuj.sk,(958) 502-3314,6334436412186371
Dustin Rhodes,7/26/1998,Zovsotfi,MB,Male,nad@ob.pm,(276) 623-2650,6334111074284034
Eugene Hughes,3/19/1998,Bigcowum,NL,Female,daz@iwile.kp,(619) 275-8109,5102938372285533
Hulda Kim,6/9/1991,Korulic,AB,Female,ectirfoj@run.io,(352) 844-1518,5018340847688230
Bessie Farmer,7/28/1957,Heemoho,BC,Female,ipace@ihocog.cz,(729) 662-1638,36789334783590
Justin Smith,11/18/1991,Cuibahup,NS,Male,guabo@ine.dj,(362) 924-2551,5471590085331295
Barry Roy,2/6/1974,Denenaz,PE,Female,azpo@erzaf.my,(303) 585-2973,344929985418701
Harry Stokes,12/23/1977,Osihepfuk,PE,Male,foucaliw@penogo.ge,(900) 938-7871,4026363671440711
Keith Robertson,8/13/1984,Afwelo,NL,Female,wa@mu.cw,(922) 791-2563,4645780443438171
Benjamin Vega,10/22/1972,Gofhizwif,NU,Male,pulubu@gesudud.gb,(621) 330-7284,6011831433557040
Elsie Williams,1/2/1967,Vuvboap,SK,Male,owowic@fep.cw,(643) 837-9421,36834741170013
Theodore Stewart,11/20/1969,Vaadomi,YT,Female,nonew@binsuttut.gl,(965) 949-3078,3528400708324842
Melvin Stevens,7/15/1964,Zurtedac,PE,Female,zaftuv@kijuj.bb,(516) 872-6030,36957967768010
Dora Patrick,5/7/1974,Dergace,NS,Female,wub@wedeji.tt,(455) 703-5821,4686199231763486
Floyd Carpenter,10/8/1979,Nahvizmaj,NS,Male,buw@fagelu.ci,(776) 230-5507,36460908457017
Lenora Smith,7/8/1973,Uvtegcam,AB,Male,bu@fag.sx,(388) 226-7111,6304180549062586
Ronnie Barrett,6/24/1970,Embuzru,QC,Male,dun@wavmos.us,(285) 938-5908,201474922975606
Lura Silva,11/5/1971,Egcecde,NT,Male,fe@buavoiho.et,(950) 234-4088,5610828719472735
Darrell Williamson,10/28/1960,Bausmi,NU,Male,vobnofoli@ado.bb,(470) 605-6292,4001713048777048
Timothy Cook,4/26/1982,Kagitul,NU,Male,bodublus@ditohlif.om,(969) 523-8953,6334743292991295
Carrie Cross,10/29/1961,Zosomoza,AB,Female,bisma@hengoamu.dk,(701) 886-9530,3528633858383362
Jack Carter,11/18/1972,Wutifogu,NB,Female,do@tofoh.cf,(989) 691-1016,6370255091914829
Mary Myers,8/16/1992,Opfezre,YT,Male,jezsi@puewi.ir,(201) 665-1084,4910636459301356
Terry Schmidt,1/24/1972,Sokpeage,QC,Female,eswi@cuduf.tf,(402) 506-1847,6255763789263094
Owen Hawkins,2/6/1970,Tewuwnar,PE,Female,migona@gevtap.lb,(348) 914-4968,5610800363983804
Verna Murphy,10/14/1973,Majbuos,NU,Male,bade@pewi.bt,(222) 649-6256,344779835880448
Gary Russell,9/15/1966,Onusecu,AB,Male,de@us.re,(348) 863-2911,5478609189751878
Joseph Moran,2/20/1971,Volnunar,BC,Female,ic@an.sx,(302) 744-3878,4026340558910636
Adelaide Sparks,11/17/1961,Dipiwora,BC,Male,lo@hofde.om,(344) 906-1233,6304760667308661
Jayden Maldonado,9/16/1973,Emerifsem,AB,Male,na@fi.us,(945) 481-2182,5610996354615395
Ollie Walters,11/27/1980,Edukucfe,MB,Male,nabi@mijnebhod.aq,(735) 937-7233,30097529428195
Delia Burgess,5/27/1982,Lurlumug,NU,Female,mivuju@obiki.tw,(351) 857-9996,347890877248308
Victor Kelly,3/11/1978,Emfoobu,NT,Female,tuwo@jucu.bs,(906) 272-7725,5488459357725488
Caleb Vega,8/24/1975,Tofekapa,PE,Female,ezwisis@hul.al,(642) 209-4610,6304407546582609
Leonard Higgins,4/27/2004,Olahawom,BC,Male,nefef@leucu.sd,(458) 585-7090,4305565696438338
Evelyn Dixon,2/28/1990,Valaruki,NL,Female,kidoh@da.bh,(982) 269-8607,30036501430654
Christine Bush,1/14/1964,Udegiur,QC,Female,liecasiv@lawra.pr,(670) 418-8250,5610652557307989
Ophelia Holt,2/12/1957,Vuhago,QC,Male,be@gis.to,(361) 497-4474,3528119761810014
Theodore Sandoval,2/19/1975,Jupigacu,SK,Female,vuwifi@sopissol.ee,(627) 441-7029,4903897155212573
Terry Fowler,8/8/1998,Bojingun,NB,Female,pocirtel@lisu.cl,(354) 885-9153,4249388508621432
Bertha Martinez,9/17/2001,Sowaksa,NB,Male,tafmudi@amado.nc,(808) 608-8285,6011021452532047
Delia Hunt,10/14/2004,Bumtozak,YT,Female,rosmal@velocsef.edu,(489) 836-6931,36165948976054
Christian Stevenson,3/29/2003,Ledefa,BC,Female,du@tumenemew.ad,(642) 736-4276,3528301445711079
Hallie Newton,6/9/1996,Onbobef,ON,Female,talug@jujumeuhe.fi,(984) 585-3185,349785638678843
Eleanor Higgins,11/9/1987,Nowuskiv,YT,Female,ecmab@cu.pg,(211) 399-1874,4903249182080989
Floyd Hampton,2/19/2000,Tapulzo,AB,Female,bar@azatol.tg,(276) 327-5261,6304855103634371
Bessie Sherman,8/3/1980,Nesano,NL,Male,duedo@nihine.sz,(513) 309-4412,36029870134787
Winnie Cox,10/14/1958,Repsusef,ON,Male,tapawnor@osaep.de,(460) 668-3007,6304349106524532
Lou McCoy,5/8/1976,Biluwkuv,BC,Female,daj@foilvu.sd,(323) 693-9386,5610136184256405
Helen Jennings,4/16/1965,Fevopos,NB,Male,ihli@nuj.kh,(273) 318-1347,6378342287368051
Mamie Stokes,7/20/1970,Heifowow,SK,Male,ga@si.cx,(333) 428-2028,6304257989980087
Marion Phelps,10/5/1976,Vuvvapri,QC,Male,mumfoz@ras.im,(645) 288-7220,6379646847121894
Ivan Gill,5/24/1986,Fomwiwca,BC,Male,oz@pasejvef.su,(387) 742-1736,36381846816256
Adeline Guzman,4/25/1990,Hoduwja,NT,Female,zojbanto@bodmivmu.er,(540) 836-9776,6334552243313008
Sue Cummings,10/31/1974,Hurcasola,NB,Female,wipvu@jizeteol.ae,(739) 490-9481,36176606255152
Eric Chavez,4/25/1984,Gahoned,AB,Male,ne@fiijuti.ee,(569) 208-3510,3528727992251921
Lou Harmon,4/22/1988,Arufise,NS,Female,cuupiar@wuhcejvib.sk,(820) 439-7709,341770961240856
Edith Hale,3/4/1991,Wizolbod,NU,Male,nobihci@tiji.il,(731) 702-4813,4903903813807257
Bryan Hall,1/25/1960,Ackabpo,NU,Female,hetilanok@ozilej.fk,(405) 505-3586,6011088416445012
Robert Santiago,3/7/2003,Paruzir,BC,Female,onaenzu@ab.cw,(374) 717-4582,4221624418188399
Ollie Bryant,11/7/1976,Zelotpo,SK,Male,oz@deruol.ht,(960) 329-3633,3528328842434674
Jeff Hill,2/12/1999,Poforuwo,AB,Male,epa@ho.nr,(874) 203-9227,6226811770320526
Anne Norris,2/19/2001,Zamwocin,NU,Male,wu@mutbid.yt,(777) 781-6536,5610929401475729
Johnny Pope,7/3/1963,Vekipbiz,NL,Male,valo@aspecpis.se,(588) 590-9218,6304719224338504
Harvey Carr,6/6/1982,Arjapug,MB,Female,gor@vawneju.at,(209) 373-4821,5018814735847074
Jeremiah Rios,5/12/1973,Nulubbo,NS,Male,hit@uhdif.sa,(966) 631-2524,5610688929860578
Mayme Martinez,6/18/1958,Nojozon,NB,Male,huveru@jusu.sv,(854) 233-4345,3528594790473283
Harriett Carson,11/14/1960,Talitebas,NL,Male,mi@pewvi.km,(471) 734-4634,4551099847487359
Noah Weaver,3/20/1999,Rimmewino,QC,Male,kajezira@emufeun.ai,(807) 638-3427,6334471262063768
Christian Matthews,11/8/1958,Datawah,PE,Female,taw@oju.qa,(320) 911-3349,5610706331145253
Tommy King,9/27/1983,Usibiveb,NT,Female,genjes@ewu.bq,(271) 816-6657,4401148517933549
Hallie Brady,5/7/1986,Dulvocen,MB,Female,wavpiw@fosag.co.uk,(409) 819-5273,341142022441487
Alan Ellis,3/21/1981,Folejpo,NS,Female,muzvenwa@hapurwa.ie,(636) 494-5942,36501559748244
Christian Davidson,11/30/2000,Iratoknuw,NU,Female,sur@ohi.zw,(475) 321-7204,6334230516967004
Beatrice Martin,2/27/1999,Hojcelno,ON,Female,op@bamcat.qa,(880) 686-7150,5018836412394229
Minerva Poole,8/31/1960,Dubmoone,NS,Female,mabdato@sis.kp,(219) 796-4715,348176336128177
Melvin Tyler,3/25/1986,Roluja,NU,Female,efnu@mikapon.ph,(363) 545-5711,5417284836331864
Randy Pittman,10/26/1985,Misdeze,SK,Female,neb@werhese.gu,(848) 962-3012,6373617051146832
Frances Edwards,12/27/1957,Baakenos,NT,Female,melsizgoz@telu.tf,(978) 576-3896,4026993515732954
Lula Potter,1/21/1994,Rohijis,QC,Male,tu@epowojeg.il,(804) 211-6261,5122995917183603
Nicholas Vega,12/8/1992,Erezutam,NL,Male,cebufbot@tigije.gu,(751) 937-3316,6377198781251008
Ralph Little,3/12/1975,Mouvwah,NS,Female,macame@bav.cy,(318) 640-8807,36488048140938
Theodore Schneider,6/26/1958,Batnefpof,QC,Male,iheesovil@uno.nz,(247) 838-6627,201489912636737
Eva Vega,8/25/1977,Sicobiwe,ON,Male,ir@luzkirto.rs,(943) 525-9763,4042983277133657
Isaiah Hoffman,12/22/1958,Zetiet,SK,Female,dun@buj.ve,(211) 357-8225,5018640353010566
Frances Jones,7/19/1965,Zadunge,BC,Female,fujitu@ebe.uy,(559) 213-1463,5151473720403992
Barry Arnold,9/22/1975,Hogkesut,NB,Female,suhuknuw@vuunvif.id,(214) 771-5331,6011440664648237
Don Burns,4/18/1981,Ijaenwe,NT,Male,ga@ci.eg,(738) 480-5291,340135955534840
Luis Fletcher,10/3/1975,Womefi,NL,Female,asa@ti.at,(603) 332-3434,6379253278690354
Elsie Sanders,8/4/1968,Hedbaha,ON,Female,sa@opimogol.yt,(458) 915-5318,5610474369308299
Gussie Austin,10/24/1984,Amapamfip,MB,Female,cusgawug@woew.cy,(522) 351-4665,30037248373975
Jeff Cain,12/1/2003,Pisvoje,NU,Male,uli@ga.ag,(585) 491-4930,4026621768110285
Loretta Goodman,8/10/1983,Bubfejfu,NS,Male,hustadzi@neep.io,(427) 321-7899,3528264417407235
Dollie Chambers,6/22/1997,Ofiikmu,NL,Female,af@hotes.hm,(413) 462-8096,30025919093493
Bertha Cooper,8/16/1975,Ahetakwi,BC,Female,tisaki@esocarud.tz,(686) 697-1516,6334208237942910
Daisy Vargas,6/6/1999,Kupitise,PE,Male,fel@asepaijo.fk,(885) 438-3906,6266228407850653
Alex Valdez,11/18/1977,Bolotwin,ON,Male,liwaggu@jer.es,(827) 552-1274,5191363999552938
Lillie Miller,7/7/1959,Hatvele,SK,Male,nuakudoc@kial.ye,(852) 244-1158,5129701893925683
Estella Dennis,11/10/1985,Omeidsu,MB,Female,tet@avevo.so,(579) 579-8933,201424526160485
Matthew Ramos,10/2/1994,Kohota,QC,Male,safca@tufnanet.cm,(962) 703-1912,3528028112685803
Teresa Ruiz,9/11/1980,Bifohafi,AB,Male,sec@jihi.cl,(927) 487-8131,201491750452227
Luis Chambers,5/8/2004,Divizal,YT,Male,sigvo@pojtifju.at,(953) 782-2251,4026521382828835
Maude Holloway,8/8/1996,Zobuwbul,MB,Female,ceeh@nigjodsi.ye,(440) 719-1253,4026175308779281
Gregory Benson,12/23/1997,Sintulep,SK,Male,cehtof@cadut.mu,(348) 894-6592,6334250644179546
Evelyn Hicks,4/28/1990,Mefuife,SK,Female,ojenamfot@bov.ss,(466) 289-4377,6334107710192615
Lura Robinson,8/30/1973,Usejoire,NU,Female,zelbaddi@luzap.iq,(768) 397-4118,6304492710511741
Raymond Jefferson,12/28/1986,Wazekeif,QC,Female,fe@dofube.ph,(366) 342-7595,6011257255049447
Daisy Howell,3/28/1976,Udionuha,NT,Male,goes@pazter.ag,(307) 796-5490,6011151083742770
Erik Baker,11/23/1988,Vebetacu,QC,Female,jamtota@doho.me,(308) 719-4613,3528918951416742
Jane Patrick,10/8/1976,Fambitbut,NU,Male,ezehal@lutmoj.an,(488) 358-8992,201445890088150
Max Dennis,2/18/1969,Copgijfe,YT,Female,at@lu.no,(363) 565-6043,201437075644220
Mason Perkins,3/23/1987,Ubupume,NU,Male,ca@hokicug.al,(229) 979-5106,5439640415969404
Lillie Gibbs,1/23/1964,Mipdini,NB,Male,vo@iv.pk,(806) 825-5973,5018534112470791
Devin Knight,10/9/1982,Ufoleghid,NT,Male,ufenahzi@mamiw.pk,(716) 239-2741,5464370855229113
Beulah Martinez,8/5/1982,Ulaazadul,NU,Female,uca@ci.so,(279) 812-9014,4903135631600909
Johanna Snyder,3/21/1999,Nugazuw,MB,Female,soca@pobla.vu,(957) 593-6241,5429025894454635
Cordelia Wise,1/23/1991,Zuzheptuz,NL,Male,bocluz@nocpu.kp,(249) 788-8353,6304459375606611
Bernard Gardner,10/10/1969,Padorho,NS,Female,ero@tife.aq,(259) 918-5387,6233494006547351
Max Joseph,2/15/1978,Sapwatpas,PE,Male,asatuuw@josuhiniv.co.uk,(247) 306-1044,3528925404603313
Mabelle Goodman,7/13/1994,Zujaswon,ON,Male,guc@pe.pk,(352) 297-9469,6291399048874987
Joel Clark,10/12/1997,Bevujug,NS,Male,ilwaf@so.mm,(613) 602-2961,36749397674375
Beatrice Barnes,5/12/1958,Mumicuf,SK,Female,ikvo@julwuvoh.sx,(837) 328-4977,5157525750309706
Ethan Mack,6/20/1985,Hejogav,NS,Female,fonbit@dat.ve,(464) 778-9774,4026655210487305
Adelaide Reid,2/15/1983,Jeizuno,SK,Female,cig@famuna.be,(547) 725-5629,5018338429553954
Bertie George,7/22/1972,Renrasip,PE,Female,jur@kaken.tm,(834) 971-5567,344828682159388
Gordon Potter,1/12/1980,Adikovkum,NT,Female,gerva@ceus.lv,(489) 971-8776,6334173393966030
Amy Wheeler,10/21/2001,Zavosefa,NT,Female,nohoafe@elpo.uk,(235) 887-9758,6370449651226431
Bettie Santos,5/25/1986,Viendih,SK,Female,bo@vuaremo.bw,(838) 294-4139,4059947185097122
Landon French,12/23/1962,Kivcombi,NB,Female,giempo@ki.bb,(309) 650-6231,6011991488501184
Samuel Bowers,3/28/1974,Viziva,BC,Male,te@zi.bw,(545) 776-3441,5018449025984889
Miguel Green,2/9/1989,Sibazovi,ON,Male,vig@horwumuci.ai,(589) 680-4709,4026617884785711
Matthew Townsend,2/23/1960,Upsugawe,NL,Female,apjo@iw.tj,(776) 532-6666,6245876470130423
Herbert Lucas,1/9/1991,Neckucoh,NL,Female,cawdol@gurmo.er,(949) 954-3864,3528928224711563
Eliza Reeves,12/1/1998,Cevuru,MB,Female,heopop@bo.by,(282) 406-9339,4228633702093622
Zachary Jackson,1/4/1964,Udeceici,NB,Male,ohipofke@fujma.dm,(941) 455-1244,4903076501178313
Leroy Gomez,12/12/1984,Ejodwi,YT,Male,nehsaj@wognemso.ar,(780) 831-7101,4903692363877451
Lula Wilson,3/29/1980,Rolatiw,NT,Male,gew@ravpo.pn,(826) 777-7771,6011847820241477
Sallie Gordon,1/10/1970,Kulpodrid,NU,Male,monejhem@kerer.sg,(344) 742-4586,6304431832848235
Helen Harmon,9/12/1994,Jukidikiw,NU,Male,ufebcu@harobkej.io,(812) 567-2756,6267779099769279
Hettie Gibbs,1/16/1982,Iwehekbuc,SK,Male,efutecar@cu.al,(554) 927-9828,6011345410556925
Seth Paul,10/7/1977,Pebnugobu,QC,Male,pomigba@viklukese.gf,(617) 870-5808,6304748685113320
Carlos Collier,3/10/1961,Kigdapzu,ON,Male,isoire@kup.nl,(366) 909-2722,5018117855105582
Pauline Nichols,10/2/1958,Jaifami,SK,Male,unephik@keesuwi.ms,(729) 947-9254,3528644248221139
Rodney Hanson,12/14/1964,Nifuefu,NB,Female,dufenoc@gak.eu,(278) 913-6082,4026924966326640
Genevieve Lowe,10/25/1984,Owiwmuw,AB,Female,wuticcuh@jiw.mo,(525) 858-8441,6371022363540305
Jeff Fuller,5/19/2003,Wobgattow,BC,Female,lagu@nuzhij.mw,(548) 559-1921,4026978969081610
Maud Wright,5/10/1976,Vuloliz,MB,Male,ge@woteewu.ke,(224) 865-1321,5610766652741379
Mittie Jimenez,8/3/1996,Hejafude,BC,Female,wifho@velewbus.tt,(724) 893-6888,4682832385885689
Tillie Phelps,5/1/1976,Leukvi,QC,Male,didmofer@ziri.ai,(683) 785-3038,5409274370556307
Fred Drake,5/24/2000,Puffumu,NL,Female,kaepilo@opvicmod.bi,(314) 836-5260,6011938833061950
Georgie Carson,7/9/1961,Dejitgan,NB,Male,pebakbo@zuh.ir,(971) 534-5349,6379538651767815
Charles Patrick,2/5/2001,Ahjegdut,BC,Female,zuz@utoacihiw.st,(781) 778-1508,201488522627409
Nettie Pittman,3/18/1996,Zarpuipo,SK,Male,sensiko@ozaruja.jm,(745) 205-4467,6299401607780134
Joel Gonzales,3/30/1994,Pokitga,MB,Male,unose@punipza.ps,(880) 669-9684,5114120879670568
Marion Weber,9/17/1992,Omsaidi,AB,Male,us@ohmoh.io,(608) 239-3915,6334228562250861
Adam Schultz,11/14/1999,Duvmimjiv,MB,Female,huddip@nugowwis.ly,(326) 621-9667,6372258871799541
Timothy Cruz,5/17/1963,Romano,PE,Male,jo@fagi.tn,(249) 852-2857,36368371171611
Ernest Larson,4/14/1985,Bewiun,PE,Female,hiepmut@fiere.tt,(358) 632-1225,4903288562285602
Jacob Moore,5/3/1979,Zogezge,PE,Female,diim@amahe.ke,(316) 514-2875,30058407491754
Manuel Thompson,4/28/1957,Talanguh,NT,Male,tofda@nunedor.me,(369) 351-1279,36354977420420
Jorge Lane,1/21/1990,Wozfisat,NT,Male,wi@usivegob.ly,(475) 661-3076,36069307558182
Herbert Garrett,9/7/1960,Ibjezi,MB,Male,nebfaopa@vokcukek.np,(405) 940-4788,6263177838630783
Mabel Graves,11/5/1965,Wuzmegkid,NL,Male,fobto@veki.tc,(844) 248-9474,30053625426120
Herman Shaw,10/10/1974,Biporuzu,ON,Male,od@kiihmu.hm,(985) 872-3329,349776022143759
Dale Schmidt,10/6/1980,Mopkihuh,MB,Male,wevoz@edirizpa.pr,(533) 970-6732,5431912192840282
Helen Buchanan,7/25/1971,Sajcepliz,YT,Female,usumi@ib.fi,(585) 752-2242,6334181919119711
Rachel Newman,9/17/1986,Zeardaw,ON,Male,gipuho@hedopgad.mc,(533) 555-3531,30007313182908
Scott Roberson,10/11/1966,Egnockud,YT,Male,ata@cikebi.jp,(403) 782-4759,5018080566796992
Ronald Sims,2/7/1964,Katfaep,NL,Female,verniwru@rebmegov.fj,(516) 579-7047,6256767874412333
Inez Reese,12/31/1974,Bigolala,NT,Male,gectuv@orofobfo.sm,(947) 381-6599,341092802023544
Allie Perez,7/17/1996,Bubnuviw,SK,Female,zipewzav@ge.lb,(645) 297-4851,6334027050625059
Harriett Perry,2/14/1979,Nubadpa,BC,Male,aksesad@meif.ac,(908) 761-5856,201484850437396
Jim Barnes,2/8/1979,Liunodoz,NS,Female,lersufa@non.as,(300) 962-5547,4026391058661831
Chase Duncan,1/26/1969,Ruagehed,MB,Female,lanudapef@gomvikik.ci,(618) 870-8314,4903285788161534
Susan Jackson,3/14/1978,Nahneuz,NU,Male,cokpuhak@jujra.tv,(921) 992-5097,349518466253839
Melvin Rodriquez,9/26/1996,Sispeko,NS,Male,eju@ovhehfo.py,(250) 298-3716,6304099350465136
Jimmy Jensen,7/8/1998,Izaekisit,YT,Male,ezisanubo@hujun.aq,(484) 785-6241,4903205358242761
Jeff Morris,10/22/1976,Jokekav,SK,Female,dot@eju.ug,(732) 720-8339,6374619486078845
Todd Mendez,5/16/1975,Picugez,NU,Male,tok@gawoha.de,(650) 666-1885,5610782424113995
Mathilda Fowler,10/27/1968,Giutefav,ON,Male,vecad@ofdawsul.tg,(903) 406-2460,30084187491996
David White,6/16/1987,Cidugwes,ON,Male,di@sohujtoh.mk,(328) 929-7431,36231895783560
Lura Houston,11/25/1971,Omicla,NL,Female,luufatu@widegoh.mq,(458) 444-2630,6206544582066409
Cordelia Wade,12/7/1988,Rovzope,ON,Male,mu@retasosa.ee,(319) 792-1123,201481740252753
Nellie Roberts,3/18/2002,Nawivib,NT,Female,me@jebrab.cf,(672) 765-6670,4026272700158840
Essie Marsh,4/28/1995,Jurmeowu,PE,Male,ra@wobhel.kh,(639) 392-6067,6371296339186241
Mable Richardson,9/7/1989,Agewma,NL,Male,iszud@kocha.ly,(870) 292-6914,6271686626914522
Glen Delgado,2/14/1982,Bauhuza,YT,Female,cegwev@juco.ms,(774) 448-7740,36157611196235
Julia Ballard,4/30/1975,Esicura,ON,Male,jih@lulitloc.pa,(611) 287-8666,5610311358685131
Russell Stephens,12/23/1968,Mosfenru,NS,Male,legbola@bacpo.gd,(510) 782-7042,4637468613147398
Amy Foster,7/7/1975,Sizmoza,QC,Female,vazetuz@rokbapfo.dk,(702) 730-3919,5018229665129155
Ruth Cummings,9/24/1963,Jazenjak,MB,Female,uhuza@konaz.ph,(940) 296-4780,6304067933124397
Cecilia Dean,10/13/1981,Cipeahu,SK,Male,tacomre@dag.ba,(546) 883-5921,4903582076242053
Bertha Harrison,8/11/1998,Gonozi,ON,Female,buze@put.mh,(461) 614-3835,5610393179261995
Mason Stanley,3/16/1979,Meklepdaz,NS,Female,jijo@azotorel.za,(869) 475-9741,201476279387459
Flora Fisher,1/27/1958,Ratorabah,MB,Female,du@zuafumed.cz,(210) 244-6633,5159794192875801
Mitchell Hall,11/30/1997,Jotsofome,NT,Female,is@jurekuri.ar,(507) 825-8873,6378943318849546
Bernard Mendoza,9/6/1980,Weragte,NT,Male,uk@medobco.ge,(450) 587-5697,6256740558530597
Adeline Norton,9/2/1973,Kezavamun,NS,Male,tu@kujbidwo.tv,(583) 204-8166,201424960183589
Kevin Lane,1/9/1997,Sadorfap,PE,Female,zadidbov@ju.sh,(438) 251-4955,5412281653323425
Lydia Barrett,6/29/1969,Izerode,NT,Female,ih@hapeci.il,(232) 395-6250,6304752513443479
Stella Mendoza,12/11/1995,Ozamutu,SK,Male,jil@ma.al,(458) 366-5754,4076344969819641
Dylan Powers,4/5/1959,Lehfalit,AB,Female,vozuwo@elu.gf,(715) 578-2833,6011754251813537
Ian Luna,11/21/2000,Betwuza,AB,Female,sowvaz@nucin.zm,(857) 604-9433,6200236731922345
Isabelle Simpson,1/25/1965,Icukeclas,NS,Female,isu@lerindu.wf,(588) 308-1583,6292803155836001
Curtis Clark,12/26/1985,Mahifkus,NS,Male,duid@hebpe.sg,(887) 231-6976,201438226432424
Sam Gonzalez,8/2/1994,Resurab,NT,Male,woda@dawicuj.fk,(263) 508-7456,4137140886911124
Marc Woods,8/11/1998,Kalehza,NS,Female,lopi@nol.gt,(426) 804-5047,3528629179794469
Mathilda Klein,12/29/1988,Ojlada,YT,Male,bazlirvoj@pohodkor.cn,(887) 781-5071,4903427790579309
Leroy Daniels,8/14/1984,Vusavewa,AB,Female,ve@vohdinpe.sx,(259) 781-7841,6011290300710481
Eugene Wilkerson,1/21/1989,Nelaane,NB,Male,dawwedne@warlol.mh,(901) 873-5155,3528958388271583
Johanna Greer,5/20/1983,Enratuwu,PE,Female,dutapgat@kaw.pg,(702) 643-7690,36075205613573
Olivia Grant,1/21/1980,Pabihoj,ON,Female,fivisaero@cugta.gb,(308) 361-6866,30000591693217
Ola Gonzalez,5/22/2003,Wudvorbon,NL,Male,debe@goklauv.ec,(719) 652-9612,6248394013746710
Chester Oliver,6/1/2004,Amufiko,YT,Male,fumi@johiocu.us,(318) 911-4632,5018853019715425
Sylvia Valdez,10/7/1994,Voifkol,NU,Male,ac@nowwunlu.at,(740) 965-5520,6379298441837564
Melvin Barker,1/7/2002,Bilivde,AB,Female,pe@hotdero.dj,(240) 820-6652,4790645987096219
Olivia Bennett,12/11/1980,Gewopiw,NS,Female,vusavise@wi.tr,(756) 849-2502,36699007192195
Phoebe Hardy,6/2/2000,Uphuged,MB,Male,kimomu@tu.tt,(908) 610-8473,5106677293999915
Ada Barker,4/23/1988,Pivitwef,NL,Male,jumubjez@kizousu.bj,(303) 339-8680,4123217442576041
Jonathan Francis,5/30/2002,Sinigbe,ON,Female,vilda@ibeubo.gq,(259) 933-8425,6334888335004984
Bessie Fuller,6/25/1979,Tecemkul,SK,Female,wezafje@gugfu.ac,(466) 730-3210,6334860597424176
Bernice Sherman,7/30/1982,Imamebdi,NB,Male,kikorta@kegi.km,(900) 376-4440,5610028122244462
Mabel Ford,3/10/1986,Emmibak,NL,Male,napdad@vuidisa.ve,(501) 446-6271,201483742442663
Nicholas Todd,12/15/1986,Nugumca,YT,Male,oveji@gejugufof.tc,(655) 824-3729,6374939675189173
Bettie Schmidt,7/22/1966,Aleecibis,QC,Female,pidjuz@pi.mw,(686) 836-1946,4903239495804787
Kenneth Austin,4/8/1960,Wapbudig,BC,Female,dah@omupif.net,(268) 544-1731,6224858918829522
Terry Jacobs,8/24/1966,Hehaja,NL,Female,lan@melwolil.ug,(442) 410-9267,6255313479487734
Alice Williamson,6/6/1993,Afdafem,NS,Male,atzug@icoto.de,(833) 407-3515,6373530573615665
Gordon Graves,9/11/1968,Jasubtam,NS,Female,ta@hofre.ae,(371) 374-4734,6334720768535681
Luke Watkins,6/2/1993,Onobsic,MB,Male,tizozli@her.iq,(713) 874-1557,4516559001745243
Carrie Andrews,5/14/1979,Hewhumon,ON,Male,wimfa@rilwullu.cy,(340) 957-5894,4903916698520415
Marian Yates,2/14/1976,Atfunteb,NS,Female,vehecci@ciahlek.cy,(219) 508-3452,201426646817407
Theodore Luna,9/16/1971,Cotsomid,NS,Male,hucagsi@far.ca,(465) 744-3035,5610258539543673
Jackson Maxwell,5/16/1965,Hasmape,NU,Male,ses@finicel.hn,(276) 376-2256,344160683462359
Joe Paul,5/25/1964,Mijgalu,SK,Male,rozsuwe@uj.it,(330) 281-6405,4434557195950115
Ruby Ortiz,6/2/1974,Edwuba,NB,Female,numzupef@nurko.se,(906) 498-5286,347323830363642
Lucille Blair,3/14/1975,Zumehero,YT,Male,wueblu@li.vn,(833) 637-5231,5440218843158713
Jerome Morrison,2/21/1988,Merufi,ON,Female,izhek@po.ni,(606) 520-7003,30065068925186
Sally Flores,1/1/1984,Madsumu,NT,Male,ra@tadan.rs,(278) 425-6299,201464670286801
Jack Nelson,5/21/2004,Gihazif,AB,Female,haddel@poko.gi,(821) 688-9035,201477084155693
Beatrice Harvey,8/28/1983,Mesobda,NS,Male,hodma@ulo.net,(934) 347-1329,6304760478851115
Melvin McGee,9/5/1988,Vigpedet,NT,Male,zijisnap@ho.mu,(557) 484-5927,3528323013243848
Edith Curtis,6/2/1979,Jaofme,NL,Male,fer@zag.sc,(620) 697-1935,6235212446178977
Randall Cobb,4/19/1958,Bapastej,MB,Female,meduhre@ivi.su,(587) 948-6745,4335167399888879
Hannah Wagner,9/30/2002,Nugihar,SK,Female,urle@zohfozup.eg,(849) 986-3043,5018252062173261
Nettie Lucas,2/4/1995,Padecil,AB,Female,vikjupnu@wi.ls,(964) 990-6429,4871057844980571
Jim Washington,2/7/1965,Mijlusi,SK,Female,reler@jukibeofi.fm,(656) 221-2208,4026160824992048
Emily Smith,5/9/1968,Tapubdi,SK,Female,neggotal@foci.bj,(275) 593-2418,4026117723424002
Willie Figueroa,6/24/1971,Iwoukala,YT,Female,zepohne@je.ls,(215) 998-6904,6378091847112208
David Hernandez,10/28/1968,Secmaho,QC,Female,pa@anab.td,(867) 886-7661,4026126923967850
Francis Barnes,3/18/1986,Dulutpes,BC,Male,iptotdop@lufin.ss,(985) 877-2302,6304566078791092
Robert Evans,9/8/1994,Rizsibuk,NU,Female,tu@zi.vc,(639) 627-9309,6297672684120319
Eugenia George,9/18/2004,Kohuru,BC,Female,vune@vajedzad.sj,(286) 726-5552,341732142357066
Daniel Malone,3/23/1962,Ubejezo,NS,Male,vudozlor@kegbekbil.bz,(282) 537-3581,4026263536534098
Jeff Stevens,12/8/1991,Igitigdej,ON,Male,golra@rulmipoc.gl,(817) 965-1528,349000851531814
Jeffrey Alvarez,2/14/1957,Zomibimas,NL,Female,te@aga.ci,(465) 745-6898,349789944181922
Danny Guerrero,4/22/1991,Mefzewri,MB,Male,iti@jo.jm,(574) 340-9643,4903351280393270
Marcus Doyle,2/14/1960,Ewoboptu,SK,Male,bo@abkav.kn,(902) 724-6040,5610579680309642
Alberta Meyer,3/13/1985,Ofuzafhe,PE,Female,razmo@va.aq,(702) 947-1970,4903910947142774
Christian Wells,12/29/2002,Kuwjubut,ON,Male,morolne@vipuc.nz,(203) 735-5597,6304396344504008
Helen Perez,8/24/1971,Nuenjo,YT,Male,wohunrop@jufoz.mx,(812) 603-8970,6011445353097117
Joe Bates,4/8/1982,Edogiho,NS,Female,ik@huj.ie,(452) 820-7606,5459229949880843
Ora Lamb,12/15/2002,Mucselnip,NS,Male,rabiot@vouhazu.td,(405) 955-9578,4903355400911572
Sam Marsh,3/23/1983,Bejsezre,QC,Male,ensamma@raevka.bf,(470) 387-2663,201424903834421
Franklin Flores,3/13/1981,Agorarzig,SK,Female,denduj@petin.st,(274) 935-4441,201426011436312
Pauline Keller,7/12/1999,Omicmo,NU,Female,ec@vi.kw,(883) 739-3913,6304723518079808
Rena Rhodes,1/19/1958,Gulifdif,AB,Male,pultebimo@tewajob.an,(903) 557-4867,5472553767655166
Craig Hunter,1/10/1975,Facudfic,NB,Female,po@aga.bs,(640) 888-9063,36931673265033
Lester Wagner,6/13/1984,Siscoami,NB,Male,job@lumki.pl,(429) 307-3525,6011485270236331
Gregory Blake,10/25/1990,Ibauvca,NT,Female,goji@nuwac.mc,(372) 545-6772,6304876198543293
Mae Mathis,6/24/1961,Jeogofo,NS,Male,zonnidi@amita.rw,(867) 209-4162,36740883149295
Dominic Sanders,2/24/1958,Vegotohi,AB,Male,fonole@opirek.jo,(535) 888-3714,4903496206040123
Jeffery Reed,6/6/2002,Atfifmid,PE,Male,rookdeg@suokne.tp,(958) 316-4080,5018938891024556
Carolyn Robbins,3/11/1962,Buidijo,YT,Male,mu@ne.hm,(502) 951-3872,36259450436027
Jeremy Wolfe,3/2/1959,Vupupin,NU,Male,piju@buvijokad.fo,(546) 416-3020,349428400513225
Vernon Graves,9/17/2003,Ravumke,NU,Female,lazpocsip@hohmajbo.gov,(372) 777-2282,344071500347048
Sara McKinney,9/14/1961,Rahosze,BC,Male,jevsaj@we.gu,(933) 840-5879,6304232820644127
Susie Fuller,7/16/1984,Tawusgas,NS,Female,mocus@ra.net,(918) 982-6942,6374485921410526
John Hernandez,10/10/1989,Rawusog,NB,Male,lacer@hi.ye,(703) 475-7958,5153392692462968
Caleb Gardner,6/29/1969,Pushevcoj,NB,Female,lioja@kawhihhoz.eh,(605) 242-1256,6378449682480546
Nathan Bridges,8/12/1988,Tometuwal,YT,Female,otedaw@fi.py,(666) 766-2977,4026070379599330
Lelia Alvarado,12/27/1969,Zeawro,AB,Male,gof@lakogbo.tv,(250) 704-8117,6334682279137540
Calvin Daniel,7/22/1987,Hihunpaj,YT,Male,nijkob@tapiv.pl,(244) 663-7254,4903473888437091
Abbie Gomez,3/30/1969,Tucozagu,YT,Male,nettu@kaij.me,(413) 619-8711,30080169813470
Marcus Hudson,11/26/1985,Runwirih,SK,Female,giluh@abrat.dm,(851) 479-6591,5453283193816348
David McCarthy,11/23/1994,Alhepco,ON,Female,sup@ri.lv,(431) 777-4529,5475042197640060
Lelia Harrison,10/22/1999,Apmabag,NL,Male,uhacotpu@eg.si,(658) 429-1339,341944139234204
Mattie Howell,4/14/1983,Junijev,AB,Female,gidumru@kol.am,(562) 965-4308,5018563413172293
Ella Gonzalez,10/12/1976,Odkimo,NL,Male,kipawir@sedauv.ba,(702) 478-1107,5610489403167915
Theresa Harrington,11/22/1980,Tuofapib,YT,Male,roklamop@ceppapoc.am,(859) 757-5076,4903210248687084
Eric Sims,2/10/1966,Haticel,NT,Male,lewjuwari@raini.ws,(617) 459-9180,5187892645177308
Edwin Ward,1/30/1997,Luwzikses,AB,Female,daf@cuati.fk,(643) 361-5528,5458523168392113
Eddie Chambers,9/24/1999,Onmuciwi,BC,Female,gojcozhew@taf.ao,(333) 305-9885,4903185810825173
Anne Diaz,7/25/1968,Viohibe,SK,Male,jig@mido.lu,(509) 712-9778,4634465253275912
Sue Greer,11/9/1999,Wophekve,NS,Male,efeum@veukeh.gs,(281) 783-8253,6293048684902424
Franklin Potter,6/12/1964,Ewoabipof,NS,Male,ku@leti.uk,(826) 386-9187,5018158952004377
Eula Brady,11/30/1969,Icetidjih,ON,Male,zaro@heg.so,(641) 537-3197,6245801753543985
Nina Nichols,9/15/1959,Derafidub,NB,Female,hapu@nozvih.jm,(351) 830-2537,3528894506405334
Alice Luna,4/16/1959,Ovitrup,PE,Male,cehafe@huwamacem.kp,(440) 564-4634,341653103334458
Winnie Pope,3/10/1986,Ruubocuc,NT,Male,jizlek@jubakco.lc,(457) 235-2718,4596447331928122
Alfred Sullivan,7/18/1957,Duwpeufi,NT,Female,weh@fezvapga.gy,(269) 872-3434,6304077071877979
Delia McGee,1/10/1994,Tececfi,NL,Female,be@col.bz,(929) 881-9199,4494782791439704
Norman Spencer,7/21/1975,Lubmiroco,BC,Male,celtul@mokzon.io,(365) 339-7811,6334346473995315
Rebecca Butler,2/17/1984,Unuvebo,MB,Female,eduwo@titva.ke,(944) 346-3502,6304877318155976
Nathan Reeves,4/30/1995,Kopewugij,NU,Male,akojic@kumcome.ro,(647) 894-2751,347859913452323
Tyler Daniel,5/9/1963,Covhutmuw,BC,Female,iv@wifwawna.be,(942) 892-2692,6304330715391356
Lenora Chavez,8/22/1984,Gifemgag,BC,Male,okece@pa.tn,(476) 434-9546,5018633155953042
Russell Lawson,6/1/1997,Wesifdeh,NT,Female,jarwa@nuk.dm,(759) 481-3239,6284936442179775
Hettie Poole,9/9/1968,Woajliz,NU,Male,cisud@gusze.se,(939) 513-4877,345225010495122
Glenn James,12/17/1988,Buukesa,YT,Male,otezesi@moz.dz,(947) 526-4060,36663751424147
Harold Bryan,3/10/1981,Nupowo,NS,Female,woh@zaffem.bw,(346) 247-9036,6374760836191811
Louise Cohen,2/11/1957,Zokwedwon,SK,Female,feurzuf@le.do,(667) 278-4959,6295305983479555
Jack Ross,8/23/1979,Jihusac,YT,Female,ut@jena.va,(286) 502-6264,3528624083771794
Bettie Mendoza,7/16/1982,Mujsebal,AB,Male,ofuti@disceltop.ly,(485) 565-7208,5018229101234197
Nellie Ramos,6/7/1992,Ilpeuco,MB,Male,vezzaces@me.kp,(353) 503-7218,4903697473089830
Eliza Hubbard,8/26/1970,Waajike,NU,Female,ati@puzog.tn,(487) 861-3869,5018692939377464
Shawn McDonald,1/25/2003,Buhivo,NL,Male,udwev@se.si,(532) 829-5664,6334632436371359
Peter Fleming,10/25/1997,Newzebam,NT,Female,hu@holuvoah.be,(668) 947-6231,3528803033177035
Lela Ford,9/5/2002,Fejacje,NT,Female,tasvozse@kitzo.ky,(951) 280-1235,4266244400511890
Lucinda Moody,9/1/1973,Winesoj,SK,Female,gevletag@dola.yt,(873) 575-5179,5427360267040881
Jordan Adkins,6/19/1982,Tajjiici,ON,Male,vef@juka.ad,(866) 471-7513,5450297508421639
Evelyn Meyer,5/24/1984,Ufcuzu,YT,Female,covhiga@mahijis.ly,(952) 702-9466,6286139850893916
Augusta Garner,11/9/1963,Cisdoga,AB,Male,ewikokab@puve.sa,(757) 434-2338,4903877533285277
Shane Saunders,5/19/1985,Jebozuv,ON,Male,wuzveffuh@on.hm,(608) 458-4674,5195035000658393
Emily Mendoza,10/10/1979,Zapludnup,BC,Female,nam@zajreof.tk,(364) 247-3649,4738186417890835
Sylvia Nunez,5/28/1971,Nofikur,MB,Male,ikga@kogfete.ro,(369) 532-9264,6011105750226103
James Clark,2/13/2004,Vabifpi,MB,Female,rul@cefub.mg,(736) 553-1987,201459115157138
Alta Curry,4/13/1996,Fadipit,BC,Male,kirzamfa@vew.nr,(816) 961-1016,6371911748170079
Jesus Powers,5/17/1979,Sumwucipo,NB,Female,veg@vusdu.tg,(486) 720-4288,6011374258224644
Herman Knight,12/25/1997,Oniceod,PE,Male,jed@eluofifib.ck,(985) 743-9839,6371134580069958
Dennis Lloyd,7/5/1965,Lonawolo,YT,Female,recdeh@hu.ad,(336) 208-9058,6378639788156863
Georgie Rodriquez,11/1/1999,Poborpah,MB,Male,ti@zoh.edu,(756) 894-6717,6304479266106356
Patrick Murray,7/9/1989,Daclukki,YT,Female,ka@muokuf.li,(586) 757-9014,5140593049288446
Isaac Fowler,3/10/1985,Lutficfup,ON,Female,vu@etopower.ky,(723) 993-3796,36945263187522
Gussie Long,12/11/2002,Rocpecil,QC,Male,nubgeedo@reilbo.pt,(524) 523-8308,4646683492970111
Ivan Goodwin,6/17/1974,Usivge,PE,Male,awja@ju.fj,(246) 316-8382,6370000085468709
Eric Love,3/29/1957,Gatvitis,BC,Male,kahobis@romba.gt,(945) 248-2467,6257135388632532
Bradley Bailey,3/20/1991,Enjagfe,MB,Male,kit@taje.pk,(965) 933-9784,3528621760994442
Chris McCarthy,11/9/1975,Valawa,MB,Female,bagosdi@ja.pw,(219) 735-7226,36331649606933
Charlotte Bass,12/10/1998,Posatzel,NS,Female,haza@zoz.ne,(255) 420-3673,6255878575606338
Jerome Carr,8/20/1990,Dehkibso,MB,Female,pene@woib.py,(222) 535-8625,36557390791256
Eliza Hubbard,1/16/1959,Wogekol,NL,Male,sizfagiho@suzanum.sv,(888) 465-7076,4026399448883312
Ina Craig,4/10/1970,Biwaip,NB,Male,va@lupzub.nc,(302) 882-1428,5018901481972295
Ina Little,9/29/1987,Tigojap,YT,Female,bes@vinsalju.an,(366) 210-8876,6376196956682354
Christina Jensen,5/20/1978,Holvokimu,NB,Male,ti@eri.mn,(430) 577-2577,4026208988364536
Alvin Lawrence,3/13/1998,Dipehza,NS,Male,giroed@vi.fk,(308) 453-1759,6222165159958966
Aiden Moore,2/15/1981,Ajdocad,MB,Female,ga@niwem.cx,(905) 708-3537,6304524479501891
Callie Doyle,8/17/1977,Tasrokub,NS,Male,pohfeawi@ajbik.tt,(861) 623-6317,4026428466142895
Dale Klein,12/1/1995,Coucila,QC,Male,igwetabo@ahavuzi.ml,(349) 381-3048,3528230086610318
Ruth Manning,1/13/1998,Zageejo,SK,Female,halliv@mehak.ng,(767) 223-4350,36107806362415
Earl Kim,11/8/1975,Idmumti,NS,Female,futihpo@wi.gs,(288) 460-9567,201485553769035
Todd Carlson,2/12/2002,Manosago,AB,Male,cohano@supuzzel.bq,(328) 407-6213,4210029210614217
Maurice Alvarez,3/14/1969,Ulezofe,NS,Female,farel@gorsip.ru,(645) 929-1201,6374067834254850
Leila Porter,12/22/1965,Nidodru,AB,Female,finade@vuhislu.an,(932) 223-3507,36893690001082
Emily Garner,7/27/1989,Feljetwus,YT,Male,gid@melnumip.za,(222) 385-4110,6334979571105831
Inez Terry,12/4/1963,Kewdelot,NL,Male,fetaj@ga.mx,(607) 700-9550,36896483550496
James Abbott,12/15/1999,Zeipdo,BC,Female,wedolvo@apepeg.lr,(744) 703-6040,6304932837201106
Josephine Herrera,8/26/1970,Wokazpop,PE,Female,fuztusa@vewbunez.ai,(884) 283-4978,5475890834565474
Edgar Garcia,4/21/1996,Kembehpa,NB,Female,avelo@keranbi.bj,(422) 651-6247,5129800405416544
Franklin Curry,11/15/1960,Zadehe,QC,Female,alguzine@so.py,(267) 648-5016,5610624474325857
Norman West,9/9/1985,Wudlucume,ON,Female,hic@posec.me,(906) 296-8919,5118439196109480
Alvin Carlson,4/1/1976,Ujdaop,AB,Male,urazawac@govij.to,(940) 902-2415,6215047451370349
Maud Harrison,4/21/1960,Dufikinah,SK,Female,zi@musojjoh.ao,(475) 818-5959,30070467697048
Robert Moody,8/31/1993,Fouhbez,NB,Male,rojeg@fatmike.bf,(926) 882-2438,4903489180956091
Olive Silva,8/9/1972,Edawija,SK,Female,decsoawo@gowadaju.ae,(926) 338-2793,36465251370675
Nancy Lowe,4/12/1963,Fijfinere,NU,Female,fi@ivu.dj,(825) 824-3196,5468142331409114
Jeremiah Gilbert,10/27/1958,Uvkebu,QC,Male,lude@kawgu.gp,(215) 403-1831,4026233459953047
Ray Moss,9/17/1979,Pufaktiv,NB,Male,biwzinzez@pemva.sh,(511) 604-8358,6372755811005772
Jose Roberson,4/17/2002,Cotholeco,QC,Female,gut@wu.ss,(787) 331-3708,5610682005566944
David McBride,7/11/1982,Heaztim,QC,Female,ri@ku.ck,(623) 415-5407,5018232071554735
Claudia Wise,5/4/1972,Eniihevub,ON,Male,ud@ci.se,(503) 999-1563,5018374444394504
Lloyd Freeman,4/11/1987,Lagozkiw,BC,Male,rebguvit@volu.bd,(659) 942-7202,3528020326156259
Elva Hubbard,6/8/1991,Bukevgob,SK,Female,zimlirto@mihno.om,(630) 327-6517,5610592855667454
Marion Garcia,10/22/1986,Ajarehmuf,SK,Male,ecsubas@of.tk,(542) 956-5505,6378254506573694
Joe Rodriquez,6/8/1996,Awegmo,NT,Female,pejrereb@nusun.bv,(336) 910-2646,36407869925607
Barry Warren,8/1/1978,Vezmeka,ON,Female,gukdirov@waano.dk,(688) 394-5573,5453995149832745
Miguel Byrd,1/3/1993,Siusgo,QC,Male,tovlu@jejar.mg,(944) 671-6991,5438758202482992
James Allison,7/31/1961,Zuzehew,ON,Male,higloc@vepi.eu,(639) 467-8860,6258903448282906
Floyd Thompson,7/1/1969,Rojtemi,NL,Female,jasod@ju.nu,(213) 565-7457,347458518668423
Seth Boyd,11/17/1991,Zitusgam,MB,Male,bo@fogpe.li,(977) 900-8590,36572911776421
Lester Henry,9/8/1970,Zellisses,NT,Male,ucfetrac@ha.gm,(239) 965-4509,6334886797063548
Gregory Stanley,5/30/1966,Bumvaho,YT,Male,udmine@uchugog.ax,(978) 817-3641,4026889240318087
Ronnie Atkins,7/28/1985,Kecehera,BC,Female,ri@vocitlor.ma,(784) 879-4069,5155093425922728
Augusta Castro,6/2/1994,Pomziiz,NU,Male,ri@toriato.br,(725) 576-6209,6377688921625087
Helena Delgado,1/8/1996,Zilniric,SK,Male,huvob@rom.dj,(789) 292-2053,36240798281002
Josephine Chambers,12/20/1957,Kafafma,NB,Male,jojaru@zonupcos.dj,(632) 464-4660,347599941713540
Amy Maldonado,7/14/1968,Elikeldi,NU,Male,jetew@ukik.ru,(270) 814-7500,201451098315296
Francis Black,7/25/1960,Bufnowwub,NL,Female,elken@ces.fm,(737) 392-2748,6278346290991602
Lilly Waters,3/22/2004,Maatli,MB,Male,wauf@ut.jp,(405) 216-4877,4026266963192983
Barry Lawson,1/5/1991,Codsewo,ON,Male,muc@as.de,(682) 690-1327,6304643379635102
Louise Cain,7/29/1974,Potihi,ON,Female,omuze@min.cf,(975) 246-8644,6334161989511229
Walter Bradley,3/6/1982,Goinpet,MB,Male,kuj@bu.gn,(244) 227-3680,6247440730433222
Jim Maxwell,10/9/2000,Kutohojar,NB,Male,zardeh@wuwtolep.sz,(756) 500-2034,5610787163132445
Lois Brady,9/19/1987,Tarargo,NU,Male,be@su.gd,(979) 778-4007,6304999991907836
Lizzie Fuller,9/14/1999,Tenwirzi,BC,Female,uno@tesguhba.uy,(745) 852-1777,30004116658911
Hattie Baker,11/26/1974,Petleten,NT,Male,simomli@zubgic.gd,(931) 807-5849,4026584965741916
Gregory Alvarado,3/28/1993,Otwizbi,AB,Female,avu@nam.zm,(758) 202-3810,4044388007068736
Adelaide Foster,12/16/1981,Hofzaum,SK,Male,kinajiawi@ewa.in,(887) 762-8637,5430302068295038
Corey Mack,1/4/1971,Tafwurluj,ON,Male,liv@maf.dj,(787) 516-5240,30010301471192
Winifred Holloway,1/21/1966,Kibativot,NL,Male,hawu@si.fj,(335) 734-5440,6011681925234453
Victoria Oliver,9/22/1994,Fizuje,NB,Female,muleop@huzouho.bw,(773) 432-2585,5018391799521978
Mario Knight,4/3/1966,Dobdephe,QC,Male,cogka@gasdonar.ve,(231) 611-1737,201444265186830
Ida Fernandez,8/3/1999,Riftarpu,QC,Male,inu@tokozrad.ai,(342) 398-8870,6011323535843676
Patrick Burton,11/10/1996,Fisibnaj,NS,Female,uhzembe@ga.mv,(345) 790-6800,6243911683077590
Amelia Hodges,11/29/1990,Mewobunu,NS,Male,wusewa@zivboj.fj,(530) 348-2338,4903415822068136
Albert Weber,5/24/2001,Dewcohvu,AB,Male,peafihuv@bu.aq,(367) 914-3651,36274143416468
Gordon Henry,7/5/1961,Igevar,YT,Male,mo@zovpeb.ru,(389) 639-6471,6374642892334529
Sam Peterson,1/28/1981,Zeremoko,SK,Female,riv@rasleslur.fi,(232) 599-8982,6304557837475333
Victor Freeman,2/20/2001,Acuonosa,PE,Female,guptuvi@conirici.mp,(258) 678-1543,5018637493794224
Lulu Campbell,3/5/1983,Uvcouja,QC,Female,gahbemud@pumjusgog.uz,(776) 447-1297,30035481225977
Hallie Osborne,4/1/2004,Pothejdic,NT,Female,paneiji@figgah.kg,(975) 349-9046,3528316974427202
Ola Curtis,8/28/1986,Fewipjof,MB,Female,muhwow@ero.bb,(673) 678-3386,6304392377614228
Ann Blair,7/5/1966,Foguhi,QC,Female,imiru@uguivouv.fr,(983) 898-8189,30029516423004
Linnie Lucas,11/11/1968,Jebirjas,NB,Male,voso@cemdeg.tg,(559) 577-8368,5610069831660580
Nathan Harrington,12/2/1969,Mukanil,BC,Male,zunezko@guta.tm,(839) 805-8116,6011873362359998
Stephen Pearson,10/6/1966,Torcusi,YT,Male,tumetu@casac.si,(485) 208-7318,6278231969357949
Estella McKinney,9/1/1972,Bodtude,AB,Female,mob@ibedurmov.gq,(318) 524-8512,346513819322160
Nettie Patrick,7/4/1962,Adbudoj,NS,Male,lode@egdafwe.gs,(679) 602-4776,30068976023029
Zachary Houston,8/29/1989,Sapiduf,ON,Female,ja@ku.sz,(200) 690-6157,347011644541194
Lottie Campbell,1/25/1999,Upatera,PE,Female,ebi@dub.ml,(252) 336-9383,6379920893171453
Jackson Williams,11/29/1977,Denamcas,QC,Male,coghu@tiup.ee,(861) 855-7711,5132786051389801
Gilbert Manning,7/30/1980,Falpilcuh,YT,Male,we@kuime.tg,(509) 622-5244,5610336925115551
Jim McBride,9/29/1962,Wabeow,BC,Male,rapulega@urbuc.io,(216) 787-4162,4090031989211733
Vera Hudson,11/18/2001,Hepwidi,AB,Male,elavep@ifeb.bg,(938) 320-5045,6371247927773296
Marion Kelly,10/11/1976,Pehmekuf,AB,Male,sivaw@wuroh.kh,(614) 614-8008,5018405883559650
Birdie Thompson,9/18/2000,Lidhipit,QC,Male,jisgejbos@ibvir.me,(283) 822-8808,6011624402528625
Oscar Robertson,1/3/1994,Devjelri,YT,Female,cobe@zudtu.md,(540) 880-8120,4719790769281569
Norman Mathis,4/30/2003,Okegeobe,NT,Female,aci@ewjaici.nu,(969) 728-3035,6011878032236872
Barry Delgado,6/27/1987,Suklenawi,AB,Male,ruti@tunuzi.yt,(588) 442-3696,6011471062439309
Maggie Bryan,2/17/1990,Todvezib,NB,Male,sucuvuw@elza.ua,(482) 961-9349,5610409061852541
Ann Allen,9/24/2000,Attumjet,QC,Male,cajiabi@ezo.je,(636) 933-8575,6286420924443627
Inez Cobb,3/25/1983,Pepavwev,NB,Female,jucvaduf@piw.to,(622) 600-7882,201435505119730
Sophie Becker,10/22/1975,Tigaasu,AB,Male,igi@kihwuv.mm,(472) 367-4667,36547412838219
Lucile Paul,4/2/1989,Susrevo,BC,Female,pu@cog.mh,(670) 698-4354,5197415733615837
Daniel Hamilton,5/11/1992,Dazepugi,YT,Female,vodvom@foz.nz,(316) 699-5284,6334502857286990
Lena Allison,2/12/1971,Rerseona,NU,Male,megebpi@icirikhug.ni,(418) 948-4963,4903665332482769
Sam Stone,3/24/2001,Gurmiziw,NS,Male,jecuwo@uh.to,(778) 741-7082,36236162637969
Mabel McCarthy,1/31/1978,Asesavat,SK,Female,hisituli@zeni.sr,(688) 890-6154,6011911740352499
Laura Gross,8/31/1994,Delvebep,NB,Female,sot@meffid.lb,(501) 587-9428,4026314954101728
Brandon Guzman,12/22/1971,Sugvorro,NS,Male,vi@va.mz,(576) 875-1368,5018382949389820
Lewis Rogers,9/15/1977,Asvilos,NB,Male,mugag@pi.es,(945) 410-1550,6225103406832525
Billy Waters,7/24/1983,Piskanug,SK,Male,cernasu@nub.co,(422) 577-4113,36847972315313
Alta Logan,10/11/1988,Juzmazip,NT,Female,pab@aco.th,(808) 682-9273,6011002427168497
Blake Sherman,1/11/1972,Hubogwe,NT,Male,mosmupo@but.bg,(385) 279-7703,5610688469602760
Barbara Houston,11/18/1980,Vupvobo,AB,Male,ikogekaci@te.cv,(627) 502-9088,6334700893254572
Emilie Mason,2/4/1971,Henfuuz,AB,Male,padebuupe@goto.am,(847) 348-2370,345633171591367
Jesus Swanson,6/12/2003,Cowetod,NT,Female,mohag@mese.qa,(661) 916-9979,5159905854047204
Chad Cohen,11/26/1960,Jokzoco,AB,Male,peesosam@nok.co,(507) 763-4305,201436278826030
Theresa Johnston,11/7/1972,Atanufug,NU,Female,fegubbe@hocdidpe.gi,(455) 937-8341,201408402711610
Harry Stephens,9/24/1959,Gatodho,AB,Male,zaso@guujuivu.gq,(910) 792-6638,4026501707964028
Mollie Mendez,5/8/2004,Lerfubsup,BC,Male,jajiw@useerido.kn,(677) 808-6207,3528207679858801
Barbara Houston,11/14/1972,Julozoza,AB,Male,wihgibag@vedog.mu,(700) 606-7950,6208166989674508
Inez Fisher,1/18/1993,Bojuwu,BC,Male,zahu@ugvuki.ma,(411) 977-2289,5610596478548850
Sylvia Bowman,6/30/1990,Gicuope,AB,Male,bupidak@ba.tl,(389) 411-9272,5018771332233381
Isabella Shaw,11/22/1975,Jubminuj,PE,Male,peseva@kalo.az,(623) 672-8634,4884424155584647
Kate West,7/27/1986,Vufaujo,NT,Female,etovok@re.ac,(271) 461-5652,6370728042964630
Martin Jackson,11/18/1976,Dautuji,YT,Female,povuwab@rindetuc.sv,(208) 423-7439,4118010206253270
Lura Tate,3/1/1969,Idodovu,NL,Female,sa@wu.gm,(743) 447-7345,6304109306659771
Mina Woods,8/7/1977,Anufuzuv,MB,Male,ol@cugkicgun.gi,(535) 838-2839,5610183604641428
Sue George,4/11/1983,Ulboaw,ON,Female,da@gubzi.mz,(341) 971-4315,5420366011774789
Minerva Garner,4/25/1959,Zujtoca,ON,Female,duvab@okuedila.sc,(356) 771-6049,6214963429220872
Josie Hanson,8/17/1995,Hokzouji,NT,Male,sihuwi@livuw.vc,(904) 967-3164,5406104736616474
Gordon Cook,6/30/1979,Eczufir,NU,Female,ro@vo.af,(787) 897-8675,5465446588912636
Bryan Duncan,9/16/1990,Tiadiji,MB,Female,zig@zal.pa,(240) 757-9448,5409770456178544
Rhoda Torres,4/10/1986,Ruhzisi,NT,Female,de@pa.sb,(862) 810-3093,6378123236369196
Elmer Wilkerson,6/16/1968,Cipbolif,NS,Female,derhow@vazo.pr,(256) 942-6067,6011373768367745
Rose Ortega,11/12/2001,Wopdowha,NL,Male,uz@hitolu.tr,(956) 229-3215,30080876039112
Daniel Stone,1/6/2003,Faborev,NL,Female,wubwub@ta.sn,(355) 940-9529,6304572885714418
Irene Walsh,4/17/1966,Fenlukodo,NU,Male,ohi@vegu.it,(984) 649-6242,6377138988881009
Nellie Lloyd,1/26/1992,Nelifwab,ON,Female,oghu@sesas.nc,(551) 791-4706,6235159117554723
Bruce Underwood,7/1/1964,Fezzajrud,SK,Male,nihgokci@katerdih.hu,(719) 997-4042,30039328370053
Evelyn Salazar,4/17/1997,Avegkes,SK,Female,efotuhlo@huswu.lk,(316) 986-9840,6377843087802760
Birdie Thornton,4/29/1974,Codniwu,YT,Female,le@parfova.ai,(734) 844-8925,6214103777957912
Samuel Pope,3/7/1988,Arizuaso,SK,Female,eweti@nacoz.az,(338) 610-4692,201485710855511
Sylvia Lynch,9/5/1966,Besarmod,SK,Female,nacomru@ginwucuh.uk,(714) 965-5297,340680255305003
Jeff Walker,12/28/1959,Petgactik,NU,Male,tihna@ej.rw,(252) 874-4576,201400559254320
Antonio Swanson,5/13/1998,Tilzempa,ON,Female,fos@ojka.bm,(615) 770-5754,6373870370853584
Hallie Pierce,2/10/1987,Geimez,MB,Female,tewekfer@weihvor.sl,(642) 635-6516,3528464389131264
Joseph Powell,12/2/1985,Selduklad,YT,Male,ci@mozvopo.gp,(700) 297-6890,201416755184194
Matilda Watson,5/3/1985,Enomzij,NL,Male,jo@acceka.fm,(231) 911-1388,6376688452611556
Adrian Santos,12/14/1974,Upzajo,SK,Male,arte@loka.er,(435) 845-9853,6304836805884050
Shane Fernandez,7/11/1999,Uppuac,PE,Female,job@rez.fi,(668) 627-3852,6011290707485810
Alberta James,1/19/1986,Mosnurkiv,QC,Male,dopangil@ge.ga,(206) 390-7210,5018001948967515
Mittie Riley,5/27/1998,Hopdusog,MB,Female,sijabcu@owacuez.cf,(845) 722-8907,5610921703712107
Louisa Bush,10/10/1975,Vesoule,MB,Male,zidto@hozmin.cz,(987) 395-3950,345769183879281
Martha Bowman,7/5/1970,Zipinna,NT,Female,vofhih@jaba.cr,(278) 269-2675,6304745458494507
Shane Parks,1/13/1995,Tocohem,NT,Female,pibazjuf@pid.je,(947) 723-2190,4817896472520309
Caroline Ramsey,8/5/1994,Taudizit,NT,Female,wu@ihpu.nr,(986) 200-2946,4903836712380697
Annie Keller,7/22/1980,Diwkimu,NB,Male,nil@bujuc.ph,(225) 698-7336,4253189912556104
Ellen Morales,2/7/2001,Gotfudon,YT,Male,we@joc.bm,(280) 552-9174,4903566723983326
Wayne Willis,2/11/1991,Panenu,ON,Male,ipfe@fu.ph,(833) 220-8951,3528555348150376
Teresa Harmon,1/16/1996,Dufjiwdaz,NU,Female,ikota@obo.ro,(646) 419-2423,36237926709391
Jorge Marshall,11/6/1999,Cafrekeru,NS,Female,sabane@itnuk.ci,(880) 866-6367,6334127381641658
Charles Johnson,8/10/2001,Bokoipu,NS,Male,ekvu@gi.nl,(333) 350-3193,6304068523873435
Bill Roy,4/7/1975,Tibrercup,MB,Female,nutujiej@wufojol.si,(674) 732-1615,6242083332199968
Belle Henderson,3/7/1999,Onzipdit,NL,Female,zat@ibrog.id,(820) 264-3940,36404347102446
Barbara Cooper,3/22/1981,Vehehug,NS,Male,kap@la.it,(720) 372-7484,4026434624777192
Steve Stephens,2/15/1966,Fadotapem,QC,Male,hasmot@onle.bf,(530) 815-3619,6011336403042825
Florence Henry,5/18/1987,Ihrohof,BC,Male,womucsit@omegibac.mu,(452) 383-3764,30090779029946
Jared Castro,4/3/1970,Buoknu,AB,Male,zicir@ewo.pr,(922) 307-4882,3528073163279312
Milton Pierce,6/20/1975,Umjedu,NU,Male,cijun@juzido.de,(209) 935-9429,3528069997100658
Olivia Williamson,6/18/1966,Fometo,NT,Male,de@nik.kw,(940) 555-8095,5475809633172852
Fanny Carlson,9/10/2001,Mubmidaj,ON,Male,naroz@zibuoze.sb,(875) 999-2403,5610399898417487
Harry Alexander,10/18/1959,Nipcawde,SK,Female,vupho@so.bg,(558) 705-2460,3528650094221388
Kathryn Garcia,8/19/1969,Pavasojo,AB,Female,jictoguk@rujra.ca,(236) 614-9849,6371864806506918
Lulu Mann,10/17/1971,Renumow,NU,Male,na@sas.am,(829) 780-8705,6200576933974119
Jeremiah Wise,12/14/1988,Emuukuko,ON,Male,zafite@titnidcer.jm,(216) 634-3467,3528490433101342
Mildred Lowe,3/2/1964,Ugibva,SK,Male,mumrikcul@ul.au,(721) 964-9764,5018288848383527
Addie Bell,7/4/1968,Bermujzi,NL,Male,wewic@rahcirag.bt,(960) 540-4329,5018759082431636
Willie Cook,3/28/1957,Juzbednaf,NS,Male,hepuh@pof.sv,(266) 515-8288,4335414962166048
Mark West,6/19/1990,Joflinde,MB,Male,lamasopu@muszom.jo,(818) 288-2870,6376934500165850
Marion Neal,4/5/1987,Fehkovodo,QC,Male,gekkolu@nukir.cu,(706) 732-9827,4026072780962651
Lois Carroll,12/14/1965,Actija,BC,Male,bebopap@tep.yt,(845) 350-4488,3528707046129950
Wesley Ray,10/5/2001,Hojhiodu,NL,Female,jed@puwnohi.cd,(853) 472-1353,5420752755771208
Lina Tucker,11/10/1994,Dihukiwu,AB,Male,piv@zose.sv,(684) 846-6954,345996518914216
Gordon Armstrong,6/6/1965,Ininime,QC,Female,ar@jezo.cd,(525) 586-8160,343026806399391
Edith Montgomery,3/21/1983,Ufhajaf,NL,Male,wimu@zatu.yt,(524) 392-6189,4136947552264542
Mamie Tate,9/27/1985,Kucalag,QC,Male,zum@jo.az,(706) 554-9508,6297128765214455
Bobby Norris,9/16/1974,Erfijgal,PE,Female,dib@iluto.lu,(561) 334-9514,6377206191431134
Ivan Leonard,5/1/1993,Dihocin,NB,Female,mekfe@voen.sm,(921) 925-2259,5477728051394996
Linnie Jordan,11/1/2003,Tofnovig,NT,Male,usipil@nen.gs,(723) 740-5992,3528112315410258
Martha Wells,3/27/1962,Kumkalwir,AB,Female,deteluru@pe.ch,(321) 826-2673,6304676028754593
Lester Clark,12/14/1984,Laupok,BC,Male,di@pifgubo.ba,(802) 781-9930,4026878267059831
Amelia Wong,6/6/1977,Ziwbanim,NB,Male,pu@lac.to,(302) 877-3291,6011002393791660
Adeline Peterson,11/23/2003,Vejrarit,AB,Male,ejahnal@iwo.org,(264) 501-7496,4026595498402867
Chad Curtis,1/24/1957,Owulatso,AB,Male,diw@su.be,(831) 467-7004,6304024690182647
Walter Sandoval,10/10/2001,Filricwaw,MB,Male,nukur@poem.am,(819) 842-4094,5018685053850290
Harry Knight,3/15/1976,Kophukut,BC,Male,poub@cilakoj.do,(931) 482-1328,6334252611960999
Nathan Schwartz,4/27/1959,Ujzolkep,NT,Male,vajog@caw.ci,(239) 386-1533,5610654055388123
Dora Stanley,10/30/1978,Oviremak,NB,Female,wo@letrifnib.aq,(648) 224-9019,6370230853434225
Lela Saunders,10/28/1968,Jonigzas,NS,Female,lopoduape@nut.bn,(427) 225-6574,36111516852988
Jimmy Reynolds,5/14/1963,Donofca,AB,Male,ozase@kehruhvis.ky,(458) 690-8718,6298692689935478
Randy Jackson,1/14/1970,Notesac,SK,Female,kuidi@fa.qa,(673) 640-8030,30006532770204
Edgar Santos,6/14/1970,Cadude,BC,Female,vuhuj@mugleh.fj,(682) 384-4824,6334027590190507
Mayme Rose,11/10/1959,Kiijki,NS,Female,lam@huheup.kg,(541) 665-4262,6304328037431751
Julian Daniel,11/5/1990,Ledtibat,NB,Female,gapjolti@luthupto.am,(365) 693-9477,201498070296267
Antonio Castro,7/20/1967,Gaconfot,NL,Male,mu@gocigri.bq,(249) 655-8253,3528433511337313
Brent Cross,5/8/1991,Jomitaf,BC,Male,munji@ahina.ye,(389) 685-1789,4026663457587720
Ray Clayton,3/2/1978,Jevosjef,BC,Male,per@suta.np,(521) 362-5861,4130765235196675
Marcus Fowler,11/7/2000,Cunemic,YT,Male,adihoh@al.net,(326) 256-6134,3528511036869165
Manuel Curtis,10/24/1966,Pidwuik,NL,Female,toku@idivo.tf,(238) 986-9261,6334264424788848
Isabelle Fisher,5/19/1989,Behpacka,MB,Male,javrigmas@upbo.mp,(412) 909-7542,5018182769502548
Mae Bryant,2/3/1969,Fezvosuw,MB,Female,ubu@gagida.ga,(583) 478-7563,201496661140126
Jonathan Hunter,10/19/1992,Macegof,AB,Female,faw@getlah.eu,(646) 824-8409,6285095839283408
Bradley Bryant,9/3/2001,Cipzowon,ON,Male,bi@leted.vn,(361) 503-1154,6011002130456106
Jane Carr,5/19/1987,Sabicife,MB,Female,voha@ina.er,(569) 941-9423,5160185519405900
Charles Paul,7/1/1973,Risitmug,MB,Female,kureva@coczutiw.vc,(647) 435-3028,6334421921841872
Ian Soto,7/25/1970,Adicava,NU,Male,bad@werupdej.dk,(225) 268-9390,6297202558130887
Hettie Norman,10/22/1973,Guvadsu,NT,Male,upa@to.nc,(544) 809-7567,4083755149637382
Emilie Burton,12/9/1969,Oljabse,BC,Female,kug@ser.tj,(489) 497-3062,343196511766984
Ina Day,5/12/1958,Carezved,NL,Male,sipu@ufaja.la,(524) 722-8962,342065702507237
Steve Matthews,7/22/1984,Kommandu,AB,Male,vubfo@esagaki.ad,(286) 451-2517,5610297463540412
Amelia Schmidt,6/11/1994,Wedoewo,PE,Female,his@ihivot.cu,(662) 741-9278,4456936293466914
Ethel Buchanan,7/6/1996,Gikelbof,YT,Male,led@cefkasi.rw,(765) 928-6428,4903558777119592
Max Carson,1/18/1962,Sevhajin,QC,Male,vehjos@kuvrimo.il,(888) 430-4181,6248950574509183
Addie Luna,7/17/1963,Soksiwi,BC,Male,vamace@deharjek.vi,(919) 639-9476,5498796937722420
Amelia Potter,4/16/1989,Rodene,MB,Female,ew@fuhad.sc,(601) 964-8752,6371018459805206
Carolyn Miller,7/9/1998,Etvamige,ON,Male,musvewig@nij.tp,(961) 879-4560,3528919467498745
Hester Schmidt,1/17/1984,Argohve,NU,Female,akumek@zik.bg,(820) 347-9434,5496403990475630
Esther Pittman,2/26/1994,Rohtewzop,SK,Female,joctawi@jogofak.us,(621) 500-5015,30003741051070
Flora Carroll,5/28/1976,Tosawap,YT,Male,nukda@lakod.hm,(451) 250-5848,5192473404915221
Fred Porter,9/17/2001,Ikikijon,BC,Female,pomo@daeb.cf,(843) 802-8518,6370313976018107
Sadie Williams,10/30/1974,Cidducgeb,BC,Male,li@paheke.tj,(916) 308-2940,5610217411846703
Vincent Howard,9/20/1973,Upepeko,NT,Male,wonvobsac@ro.gr,(873) 503-9184,4026670651750814
Teresa Lewis,4/5/1965,Buvbaluj,NB,Female,zizke@sat.an,(389) 310-7057,5107204230605502
Clayton Cruz,6/13/1962,Rorfelidu,AB,Male,ji@fu.dj,(930) 961-6492,201472456332046
Irene Walton,5/16/1986,Tedauk,AB,Male,ime@jakcu.io,(831) 519-7670,30015068353533
Robert Morris,11/7/1973,Zovurce,NS,Female,bebkijer@mirla.sx,(378) 510-5570,4978548970376925
Jacob Rodgers,3/31/1969,Naorego,ON,Male,di@oc.co,(279) 252-3727,5155430688929471
Esther Farmer,6/24/2003,Ozupiatu,NS,Female,roduti@hafufwa.kp,(752) 438-6026,6213535097249507
Thomas Baker,1/25/1989,Betjahfur,NS,Male,abelokgic@becsa.eu,(705) 674-9003,5018112599766021
Clara Matthews,3/22/1982,Wovite,YT,Male,rihig@umke.sc,(588) 657-9236,201482977249884
Harry Kennedy,12/20/1963,Vapoidi,ON,Female,be@co.cd,(427) 539-2528,6370887662451854
Roger Russell,11/1/1977,Tibadamu,QC,Male,deor@vebtilen.td,(264) 860-5346,4903244926639182
Beulah Guzman,5/14/2001,Jewujsur,BC,Male,pubic@ajuin.ml,(763) 713-5750,6334781893383637
Harold Taylor,2/16/1980,Vuesaroz,NS,Female,pujbijof@fitade.tn,(276) 648-6251,4903571425818788
Carolyn Christensen,5/9/1962,Uwekimce,YT,Male,muus@sar.am,(224) 427-1282,5610205939089872
Don Hayes,11/7/1989,Tacircu,YT,Female,abima@ulagocu.net,(982) 935-9716,347977768615297
Marc Brewer,5/23/1976,Paktucav,QC,Female,petpiw@gankero.uk,(463) 266-5836,4040354898279109
Tillie Collier,2/10/1985,Foivob,BC,Male,lu@wufosnus.id,(708) 317-1961,5133825902968774
Lola Williams,7/16/1957,Bupciciz,MB,Female,candi@tikuw.com,(845) 301-1346,346961370122208
Teresa Haynes,3/26/1985,Apzowoz,AB,Male,noihisop@sudus.ps,(789) 693-8284,5184870585973079
Annie Morris,11/24/1992,Cadgiktes,AB,Male,usipesva@igvosi.ye,(585) 816-6665,4017667132350769
Bertha Barton,8/10/1977,Emumiki,MB,Male,fu@ti.bt,(267) 406-1502,6295457729410020
Pauline Jefferson,11/17/1957,Gebehbi,ON,Female,zatakawi@ideij.gl,(428) 317-7932,4340855686286392
Isaac Fernandez,8/19/1958,Wohonmi,NS,Male,lithaz@mujakiz.sj,(473) 351-4036,5199066464291955
Tony Brock,8/23/1990,Ofvuzhoh,ON,Female,bo@jerlaj.bw,(316) 287-4698,6334462552348415
Lulu Flowers,3/28/1958,Gomofjev,NB,Female,zaniwlal@cuw.to,(640) 731-2555,6334731738922800
Donald Lucas,12/1/1985,Wircudde,NU,Female,ubu@cerdoc.fj,(757) 375-3523,3528762712753377
Craig Vaughn,3/10/1979,Fimtofsur,SK,Female,bete@gabodzi.az,(248) 585-6400,5466458230015162
Brett Doyle,12/22/2003,Heozle,PE,Female,kak@geni.pw,(273) 280-2764,6334919891216033
Myra Cross,11/9/1969,Sunuhvir,SK,Female,da@cazje.lk,(539) 453-7063,4026595866447940
Lulu Watson,3/1/1959,Jegduosi,PE,Male,nuw@batohkuc.lu,(589) 605-8288,36629335402727
Stanley Cobb,1/22/1994,Veclosa,NS,Male,ut@uro.do,(804) 297-4670,347675386810429
Chad Hill,11/2/1999,Mesoba,AB,Female,valinif@jare.ga,(255) 225-9278,4050854616991585
Jordan Lynch,4/29/1969,Calidzas,QC,Female,avehu@kov.be,(531) 666-8658,6304166846115607
Mary Romero,9/18/1966,Liwweddow,YT,Female,wi@lic.ag,(352) 543-4313,342715794233528
Madge Freeman,3/22/1987,Dagpuras,PE,Male,nuseg@wow.gd,(863) 928-5844,6372835247457084
Bruce Brooks,3/14/1970,Buzihik,BC,Male,su@hagumi.cy,(454) 209-3748,6011608073185708
Herbert Bowman,7/7/1980,Ifaacune,BC,Female,lawha@pe.tl,(610) 741-6647,5133310622590893
Chase Ruiz,9/29/1977,Pizlevkip,NS,Male,ukeile@ah.cm,(486) 368-9474,3528086908059716
Alice Butler,1/15/1995,Lapnabik,BC,Female,vakovbov@tolaco.ad,(253) 555-8978,6304927438050613
Lela Carr,2/27/1990,Coespi,NB,Male,elvipmu@gohnis.gr,(527) 853-1833,6378469114329525